# -*- coding: utf-8 -*-

# Resource object code
#
# Regenerated for the current icon asset.
#
# WARNING! All changes made in this file will be lost if regenerated again.

from PyQt5 import QtCore

qt_resource_data = b"\
\x00\x00\xbb\x05\x89\x50\x4e\x47\x0d\x0a\x1a\x0a\x00\x00\x00\x0d\
\x49\x48\x44\x52\x00\x00\x01\x00\x00\x00\x01\x00\x08\x06\x00\x00\
\x00\x5c\x72\xa8\x66\x00\x00\x00\x01\x73\x52\x47\x42\x00\xae\xce\
\x1c\xe9\x00\x00\x00\x04\x67\x41\x4d\x41\x00\x00\xb1\x8f\x0b\xfc\
\x61\x05\x00\x00\x00\x09\x70\x48\x59\x73\x00\x00\x0e\xc3\x00\x00\
\x0e\xc3\x01\xc7\x6f\xa8\x64\x00\x00\xba\x9a\x49\x44\x41\x54\x78\
\x5e\xd5\xbd\x09\x9c\x25\x47\x71\x27\xdc\x42\xb7\x40\x18\xe3\x1b\
\x90\x10\x20\x01\xe6\x10\x08\xf0\xb7\xbb\xf6\xda\x60\xbc\x6b\x7b\
\xbd\x9f\xbf\xdd\xfd\x0c\xe8\x1c\x69\x74\x71\x58\xe8\x3e\x30\x20\
\xe3\x03\x5f\xa0\xb9\x47\x23\xd0\x7d\x83\x00\x71\x18\x81\x0e\x8c\
\x04\x02\x21\x04\x08\xc9\x08\x74\x5f\x33\x23\x8d\xae\xee\xd7\xf7\
\xf5\x5e\x77\x4f\xee\xef\x1f\x99\x91\x15\x19\x19\x59\x55\xaf\xbb\
\x87\x65\x53\x04\xf3\xfa\xbd\xa8\xcc\x7f\x65\x45\xfc\x2b\x32\x2a\
\x2b\x73\xa0\xd3\xe9\x3c\x32\x39\x39\xd9\x91\x65\x6e\x6e\xae\xb3\
\x7d\xfb\xf6\xce\xc2\xc2\x02\x09\x3e\x8f\x8f\x8f\x77\x3a\x9d\xa1\
\xce\x70\xa7\x43\x82\xcf\xb3\xb3\xb3\x99\xde\xf4\xf4\x34\xfd\x3a\
\x3c\x3c\x4c\x82\x82\xfa\xb5\x5e\xaf\xd7\xa3\x3a\x62\x19\x1a\xea\
\x8c\x8d\x8d\x45\x1d\x96\xf9\xf9\x79\x5f\x57\x6c\xd7\x97\x0c\xe3\
\xc2\x02\x1d\x3f\x34\x54\xd5\x89\xcf\x16\xc6\xa9\xa9\x29\xfa\x2d\
\xd6\x39\x34\x64\x62\xec\x76\xbb\x59\x7d\x23\x23\x23\x05\x8c\xa4\
\xc1\x9a\xf4\x3f\x8d\x11\x22\x31\xd6\xf5\x23\x30\x02\x57\x1b\x8c\
\x7c\x5d\x18\xa3\xee\x47\xe8\x01\x0b\xd7\xc5\xba\x23\xc3\x23\x84\
\x5d\x9f\x8f\xee\x47\x14\xb4\xa3\xdb\x06\x9e\xa4\x1f\x3b\x43\x84\
\x5b\xeb\xe1\xfc\xe4\xb9\xe0\x18\xd8\x93\xd6\x03\x46\x5d\x70\xed\
\x4d\x8c\x23\x23\x54\xa7\x2f\x43\x9d\xa1\xa1\x41\x13\xe3\xc4\xc4\
\x44\xd6\xdf\xb0\x51\xad\x37\x33\x33\x93\x9c\x4b\x09\x23\xec\x96\
\x74\xc8\xbe\xeb\x30\xce\x93\xad\xa4\x3e\xd3\xa1\xe3\x75\x9d\x13\
\xe3\xe3\x19\xc6\x99\x19\x03\xe3\xf4\x74\x85\x11\x8d\x17\x30\x7a\
\xbb\x1d\x8c\xf6\x48\x76\x3b\x9c\xda\xad\x3f\x66\xfb\x23\x03\xc3\
\xc3\xc3\x13\xbd\x5e\xcf\x4d\x4e\x4e\x46\xb1\xca\xec\xec\xac\x9b\
\x98\x98\x70\x53\x93\x93\x24\xf8\x6c\x95\x85\x85\x05\x37\x09\xbd\
\xa9\x29\x92\xc9\xc9\x09\x87\xfa\xad\x82\x3a\xb8\x4d\x7c\x9e\x99\
\x99\xd1\x2a\x54\x7c\x3d\x15\xbe\x12\x46\x1c\xaf\xeb\xb4\xca\xdc\
\xfc\x7c\xd4\xe3\x73\x69\x8b\x71\x7a\x7a\x5a\xab\x50\x99\x9a\x82\
\x4e\xd0\x9d\x58\x3a\xc6\xf9\x80\x51\xf6\xf7\xdc\x5c\x3b\x8c\xa5\
\x7e\xd4\x7d\x88\x7e\xb5\x8a\xc6\x88\xeb\x69\x95\xde\x5c\x2f\xeb\
\xc7\xb9\xb9\x39\xad\x46\x45\x63\x84\x3d\x59\xa5\x2d\x46\x5c\x87\
\xa4\xce\xf1\x71\xad\x42\xa5\xdb\xed\x66\x6d\xcf\x2f\x2c\x68\x35\
\xb7\x7d\xfb\xf6\x4c\xaf\x84\x91\xaf\x09\xa4\x1f\x8c\x10\xab\x74\
\xe1\x5b\xe3\xe3\x95\xde\xc4\x84\xdb\x6e\x60\x5c\x58\xc8\x6d\xa2\
\x84\x91\xea\x43\xdb\x13\x13\xa4\x67\xd9\xed\xc2\xc2\xf6\x89\x01\
\x30\x04\x1a\x1d\x1e\x1e\x8e\x02\xe3\x43\x41\xa7\x40\x50\xc6\xc7\
\xc7\x5d\xa7\xd3\x71\x23\xc3\xc3\x24\xf8\xcc\x8d\x4b\x3d\x34\x34\
\x0c\xbd\x91\x11\x12\xd4\xc7\x27\x2e\xf5\x70\x61\x50\x07\xb7\x89\
\xcf\x63\x63\x63\x51\x87\x05\x84\xc2\xf5\xd4\x61\x84\xe0\x78\x5d\
\xa7\x85\x11\x17\x4c\x9f\x4b\x5b\x8c\xa3\xa3\xa3\x0a\xa3\xbf\x30\
\x8b\xc5\x88\xbe\x2a\x61\xa4\x7e\x14\x18\xd9\xd0\x9a\x30\xea\x7e\
\x44\x01\x16\x8d\x0f\x98\xd1\xbf\xe9\xf9\x6c\x77\x63\xa3\xa3\x0a\
\xe3\x30\xb5\xa3\xdb\x86\x71\x75\x86\x86\x92\xb6\x2d\x8c\x38\x3f\
\x8d\x11\xf6\xa4\xf5\x40\x1e\x6d\x31\xe2\x3a\xe8\x3a\x99\xc4\x65\
\x9d\x30\x7e\xad\xc7\xce\x20\xf5\x40\x7a\x5a\xaf\x09\x23\xae\x4b\
\x09\x23\xfe\xd6\x18\x21\xbd\x40\x90\x09\x46\xf8\x96\xea\x47\x26\
\x71\xa9\x07\xdc\xf8\x8d\xdb\x2d\x61\x44\x3f\xe8\x73\xd1\x76\x8b\
\x82\x48\x80\x08\x00\x6c\x22\x41\x6a\xc3\x45\xd1\x04\x00\xe3\xec\
\x76\x73\xc3\xb5\x08\xc0\x32\x0a\x80\xd4\x06\xae\x0d\x17\x42\x1d\
\x89\xba\x82\x1e\x4b\x86\xd1\x70\x2e\x7c\x2e\x39\x97\x3c\x17\x7c\
\x6e\x4b\x00\x25\x8c\x7c\xae\x7c\x71\xac\x7e\x84\x8c\x8f\x8f\x25\
\xe7\xed\xfb\x31\x77\xae\x7e\x08\x40\xd7\x37\xbe\x8c\x04\xc0\xe7\
\x63\x61\x44\xc4\xa3\x0d\x77\xda\xc0\x28\x09\x80\xcf\xc5\x32\xdc\
\xb9\x79\xef\x5c\xf2\x3a\xe3\xda\x9b\x18\xc7\x46\xe3\x79\x73\xdb\
\x75\x04\x20\xfb\x71\xa9\x04\x20\xcf\x85\x30\x8e\x8e\x66\x18\x4d\
\x02\xe8\x0c\x17\x30\xb6\x23\x00\xc6\x28\xcf\x05\xe7\xa7\xf5\x2c\
\x02\xc0\x35\x95\xf8\x50\x88\x00\x30\x9e\x40\xf8\x4a\x95\x8e\x78\
\xd1\x86\x8b\x02\xc3\x8d\x8d\x8f\xa0\x62\xdb\xb9\x88\x00\x82\x71\
\x95\x08\x00\xff\x45\x02\x10\x7a\x25\xe7\x8a\x04\x10\x74\x21\x1a\
\x23\x04\x86\x1f\x9d\x41\x60\x04\xb2\x88\x71\xfb\xf6\x8a\x00\xc2\
\xf9\xe2\x18\x10\x80\x6e\xbb\x3d\x01\xcc\xbb\xd1\xd1\x0a\x1b\x5f\
\x20\x13\xe3\xf8\x78\xd6\x3f\x96\x73\x45\x02\x20\x3d\x8f\xd1\xf7\
\xe3\x76\xb7\x7d\x21\xc5\xa8\xcf\x19\x6d\xf8\xdf\xbd\x51\xa2\xcc\
\xd3\x9d\xab\x3a\x97\x3a\xe7\x62\xc3\xf5\xfd\x53\x61\xd4\x7a\x92\
\x00\xc8\x11\x23\x01\xa4\x7a\x4c\x00\x7c\x0d\xa1\x4f\xce\x25\x74\
\x50\x40\x00\xf2\x1a\xa3\x7d\xf4\xab\x85\x11\xd7\x21\xed\xc7\x06\
\x02\x08\xd7\x1a\x9f\x35\x01\x40\xb4\x73\xa1\x3e\xcb\xb9\x7c\x04\
\x50\x9d\x0b\x24\x21\x00\x5c\x9b\x05\x26\x80\x91\x84\x2c\xf0\x2f\
\x30\xca\x76\x3d\xc6\x3c\xba\x06\x46\x7d\xce\xd3\x12\x63\xe8\x47\
\x8d\x11\xc2\x04\x20\x6d\x42\xdb\x2d\x0a\x11\x40\x48\x54\x91\xb1\
\xb2\x40\x99\x4f\x0c\x82\xcf\x30\x00\xa9\x33\x3f\xbf\x40\x4e\x33\
\x32\x9c\xea\x01\x78\xaa\x37\x4f\x9d\xab\xeb\x83\x01\x60\x2c\x16\
\xf5\x16\x16\x08\x38\xeb\xb0\x00\x0b\x3a\x5d\xd7\x89\xe3\x13\xdd\
\x80\x71\x41\xea\x21\x1f\x31\x39\x49\xbf\xc9\xb6\xe1\x48\x49\x7d\
\x0b\x02\xe3\x48\xa5\x87\xd0\x4c\xea\xe1\xa2\xf6\xba\xdd\x0a\xdb\
\xe8\x58\xf8\x9c\x63\xc4\xdf\xe5\x7e\x14\xe7\x1d\xc6\xfa\x66\x3f\
\x26\xfd\x33\xef\xa6\xa7\x73\x8c\xd4\x8f\xf2\x5c\xe6\xe7\xa9\x0d\
\xaf\xe7\x85\x9c\x7d\x74\x94\x1c\xcc\xc2\x28\xfb\xd1\xba\xd6\x34\
\xf6\x1c\x9f\xc8\xce\x05\x7d\x96\xb4\xbd\xb0\x40\xb8\xb5\x1e\x8d\
\xbb\x95\x5e\xc4\x18\xfa\x11\x9f\x81\x45\x9f\x8b\x85\x11\xd2\xed\
\xf5\xe8\x7a\x54\x75\x7a\x9b\xe0\x7a\xf8\x98\x0c\xe3\xfc\x3c\x5d\
\x7f\x8d\x11\x79\x1b\xa9\x83\xba\x41\x5c\xda\x76\xc6\xc7\x74\x7f\
\x2f\x10\xc6\x88\x0d\xd7\x26\x5c\x1f\xd8\xb3\x6e\x9b\x31\xca\x3a\
\x33\x8c\x0b\x0b\x26\xc6\xdc\x6e\x3d\x46\xad\x37\xa6\x6d\xc2\xf0\
\xad\xa9\xa9\x69\x37\x32\x36\xd2\x19\x40\x36\x90\xe8\x40\x14\x28\
\x0c\x0d\x0d\x79\xf6\xea\x74\x88\xe5\xad\x24\x19\x2e\x2c\xeb\x41\
\xf0\xd9\x4a\x36\xcc\xcc\xce\x66\x7a\x00\xa9\x0b\x87\x57\x52\xc0\
\x72\xcc\x58\xb2\x58\xe1\xbe\x85\x11\x04\xc0\x6c\x08\x26\x2c\x62\
\x9c\x99\xc9\x30\x72\x08\x28\x8b\x85\x11\x9d\xae\x31\xe2\x6f\xd9\
\x8f\x24\x4b\xed\xc7\x96\x18\xd1\x86\xd6\x03\x46\x5d\x80\x91\xef\
\x38\x52\xac\x44\x1e\xda\xd1\x75\x5a\x09\x28\xe0\xd6\x7a\x7c\x97\
\x92\xc5\xc2\x88\xfe\xd2\x05\x18\xf9\xfa\x36\x61\x84\x4d\xa0\x1e\
\x69\x13\x16\x46\x38\x12\xe9\x89\xb6\xad\x44\x27\x48\xaa\x0d\x46\
\xce\x01\x69\x8c\x20\x11\x5d\x18\xa3\xac\xb3\x09\x23\x04\x9f\x39\
\x92\x96\x85\xa2\x54\x75\x2e\xa3\x63\x63\x5a\x8d\x88\x40\x62\xa3\
\xbc\x5f\x67\xa8\x33\x80\x30\x00\x0a\x32\x3c\xc0\x49\x42\x29\x86\
\x43\x0d\xe3\x2b\xd9\xe1\x3a\xbc\x42\xd9\x11\x49\xa0\x3c\x04\xb4\
\xc7\x57\x9c\xe0\xac\xf4\x6c\x8c\x70\x2e\xea\xec\x3e\x31\x42\x0f\
\xfd\xa5\x31\xf6\x37\x06\x6c\xd7\x8f\x6d\xc7\xa9\xd6\x18\x10\x77\
\x32\x89\x2f\x62\x34\x92\x97\xec\x5c\xb2\x4e\xb4\x93\x9e\x4b\x61\
\x08\x38\xe3\x13\x55\xb2\x6d\x1d\xa6\x16\x31\x66\x09\xd6\x72\x12\
\xb8\x84\xb1\x1a\x0e\xf9\x63\x2c\x8c\x32\x07\xc4\x6d\xb7\xcd\x01\
\xe5\x18\xfb\x4b\x02\x33\x46\x59\x67\x13\x46\x26\x69\x3d\x94\x66\
\x8c\x7c\xce\x5c\x9f\x15\xee\x03\x8b\xc4\xe6\xf3\x7e\x9d\x32\x01\
\xc4\x8e\x0c\x17\xbb\xce\x70\xf5\xd8\x45\xeb\xed\x58\x02\xa8\xc6\
\x39\x16\xc6\x9c\x00\x86\x8b\x18\x69\x6c\x87\xfa\xfa\xc0\xc8\x46\
\xa1\x31\x32\x01\xf4\xd3\x8f\xb2\x4e\x0b\x63\x5b\x02\xf0\x18\xdb\
\x13\x00\x1b\x0f\xe9\x0e\x57\x77\xd7\x04\xa3\x74\xae\x70\x2e\x96\
\xe1\x32\x01\x48\x83\xfc\xb9\x11\x00\xe7\x80\xc4\xb5\xb6\x30\x5a\
\xce\x55\x22\x00\x7d\xce\xda\xb9\xa0\x89\xe1\x07\xb7\x27\xfb\xb2\
\x8e\x00\x64\xff\x94\x30\xea\xb6\x8b\x04\xc0\x39\x89\x96\x04\x00\
\xbd\x90\xf8\xc7\x10\x20\x10\x00\xfd\xe7\xff\xf5\xe1\x0c\x42\xa9\
\x2a\xfc\xa8\x42\x57\x5f\x21\x0a\x87\xae\xc4\x68\x08\x2d\x44\xe8\
\xca\x9d\x83\x82\x13\xd4\x21\x17\xc6\x52\xbe\x36\x6e\xd9\x0e\xaf\
\x01\x38\x09\xa5\x28\x8f\xc7\x51\x4a\xc0\x38\x0c\x5d\x85\x31\x12\
\x40\x8d\x73\x89\xb3\xd1\x24\x45\x18\x8d\xf0\x5a\x63\x84\x1e\x91\
\xd4\xf6\x34\xdc\x03\x46\xba\x20\xaa\x7f\xec\x21\x40\x1e\x5e\x97\
\x08\x40\xeb\x45\x02\x10\xe7\x62\x61\x44\x42\x8a\xfa\x39\xf4\x1f\
\xfa\x87\x9c\x2b\xf4\x89\x14\x2b\xbc\xa6\x08\x80\xc2\xeb\xea\x5c\
\xac\xd0\x95\x87\x00\xf2\x9c\x97\x32\x04\x00\x46\xbe\x6e\x16\x46\
\x3e\x17\x14\x1a\x16\x16\x86\x00\x64\x65\xc2\xb9\x24\x46\x7c\x8e\
\x04\x20\xf4\x78\x08\x20\xcf\x85\x48\x8a\x7b\x3b\xe8\x21\x02\xa0\
\x36\x83\x1e\x0b\x13\x80\x70\x99\x0a\xa3\xa8\xd3\xea\xc7\xc9\xa9\
\xc9\xaa\xbf\x83\x7d\x57\x04\x50\xe9\x69\x8c\xf8\x8c\x36\x74\x91\
\x43\x00\xe8\x51\xfd\x9d\x4e\x67\x00\xb3\xbe\x66\x66\xa6\xdd\xd8\
\xb8\x4f\x9c\x40\x50\x29\x3a\x18\x17\x09\x82\xcf\xb8\x88\xf4\x3b\
\xf4\xc6\xc7\xe9\x33\x0c\x12\xcf\x35\xa5\x1e\x0c\x00\x4c\x0c\x83\
\x81\x93\x43\x0f\xc0\x75\x7d\x38\x69\xd4\x25\xf5\xd0\x06\xeb\xb0\
\x00\x0b\xe9\xa0\x4d\x6a\xd7\xeb\xe2\x78\xa9\x87\x3a\x71\x11\x19\
\x23\x30\x30\x46\xfc\x26\x05\x78\xf0\x1b\xda\xe5\xb6\x71\x6c\xac\
\x2f\xe8\xe1\x58\xad\x07\x1c\x75\x18\x23\xd6\xd0\x8f\xb2\x7f\x20\
\x55\x3f\x56\x7a\x8c\x51\xea\x45\x8c\x42\x0f\xdf\xe9\xfe\x4e\x30\
\x06\x3d\xdd\x8f\xd0\x8b\x18\xf9\x3c\x42\xdd\x84\x51\x9d\x0f\x63\
\x8c\xe7\x63\x62\x14\xfd\x98\x61\x4c\xdb\x8e\x18\x85\x1e\xc6\xdc\
\xba\xdd\x59\x75\xad\xf9\x73\x09\x23\x9f\x33\x63\x84\x4d\xa4\x76\
\x06\x3d\x6f\x13\xb2\x7f\x60\xa3\xc0\x5f\x87\x11\x92\xd8\x84\xee\
\x47\xd1\x2e\x61\x54\xf8\x20\xdc\x9e\x6c\x9b\xec\x56\xf5\x23\xdb\
\x6d\x3c\xf7\x51\xfb\x5a\x03\x37\xf4\xc8\x07\xb8\x1f\x81\xd1\xf2\
\x2d\xd5\xdf\x90\x6e\xb7\xc2\x06\x62\xc5\xac\xc4\x01\x4c\x13\xe4\
\x10\x94\xc5\x4a\x5e\xa0\x22\xcd\xd8\x16\x73\x01\x24\xb1\x0c\xb3\
\xb0\x60\x57\x59\x00\x22\xd1\x0b\x21\xa0\x2e\x78\x94\x65\xdd\x01\
\x22\xbb\x8a\x82\x8b\xd1\x06\xa3\xbe\x03\x94\x30\xca\x04\x4b\xbc\
\x03\x8c\xe4\x18\x71\xf7\xe7\x30\x8d\xf4\x6a\xfa\x11\x09\x9a\xb6\
\x18\x93\xbb\x59\x5d\x12\x48\x45\x6b\x56\x3f\xd2\x9d\x54\xf5\x21\
\xea\xe5\xbb\x9d\x2c\x38\x9e\x31\xf2\x79\xa3\x1d\x5d\xd0\x67\xfa\
\xee\x63\x61\xa4\xe8\x4a\xe9\xc1\x9e\x74\x89\x61\x6a\x4b\x8c\xfc\
\x3b\xdb\xc7\x9c\x19\x5d\x71\x94\x2a\x23\xc0\x7c\xa6\x24\x12\xd5\
\x9d\xa1\xb4\x3e\x2b\x72\xd1\x63\x69\xe8\xe1\xda\x6b\x8c\x14\x01\
\x8e\x8c\x64\xd7\x1a\x0e\xaa\x8b\xe5\x5b\xad\x93\xc0\x13\x79\x3f\
\xc2\xb7\xb4\x1e\xb0\xe8\x82\x07\x00\x8b\x9e\x09\x88\x8b\xc4\x46\
\x21\xf5\x00\x1c\x75\xc8\x71\x58\x79\xec\x92\xea\x81\xa5\x58\x87\
\x85\xc7\x80\xdc\x2e\x8b\xc6\x08\x49\xe6\x01\x04\x8c\xd6\xf8\x0a\
\xcf\xaa\x49\x8f\xdb\xc6\xf8\xaa\x34\x06\x6c\x81\x11\x58\x60\x90\
\x78\x94\x47\xed\x16\xfa\x11\x82\xe3\xdb\x60\xf4\x63\x40\xd1\x76\
\xed\x18\x30\xd5\xd3\x18\x51\x80\x45\x62\xe3\x63\x74\xee\xc2\xc4\
\x58\x98\xab\x20\x9f\xb0\x40\xf0\x19\x8f\x97\xb4\x1e\xce\x4f\x9f\
\x33\x13\x80\xd4\x83\x73\xc8\x6b\xdd\x88\x51\x5d\x1b\x18\xbe\xae\
\xd3\xca\x01\xc1\x91\xb4\x9e\x4f\x02\xa7\x7a\x56\xee\x22\x62\x64\
\x29\xcc\xa7\x30\x73\x40\xa5\xdc\x85\xf0\x2d\xe8\xe0\x73\x19\x63\
\xda\xdf\x16\xc6\xd2\xcd\x55\xe2\x43\x89\x33\x01\x17\x45\x00\x98\
\x64\x63\x18\x05\x11\x80\xea\x48\xcb\x70\xf1\x3c\xdd\x27\xdd\xea\
\x9d\x2b\x21\x80\x30\x31\x05\x32\x37\x97\xcf\x04\x4c\x27\x02\x95\
\x93\x40\x16\x01\xd4\x26\x81\x1a\x30\x46\x02\x10\x46\x01\xd1\xfd\
\x08\xc9\x27\x2b\xd9\x18\x89\x00\x94\x63\x5b\xfd\x98\x11\x40\x98\
\x64\x23\xdb\x44\xd1\x77\x2e\x3e\x46\x1b\x2e\x24\x21\x80\x50\x67\
\x1b\x02\xc0\x31\x56\xee\x82\x22\x80\xb6\x04\x20\x9c\xa5\x11\xa3\
\x3a\xef\xa5\x10\xc0\xec\x0c\x48\x6a\x11\x04\x10\x9e\xc1\x6b\x8c\
\xfd\x10\x00\xda\x61\x3d\xe8\xa0\xaf\xac\x7e\xd4\x04\x80\xcf\x16\
\xc6\xbe\x08\xc0\x1e\x02\xe4\xe1\x35\x3a\x5c\x87\x15\x3c\x15\x58\
\x16\x1a\x02\xa8\x44\x0c\xdf\x5d\x65\x21\x90\x2a\xa9\x64\x85\xae\
\x00\xeb\xeb\xaa\x4e\x08\xb2\x30\x9f\x87\xd7\x34\x85\x35\x26\x4e\
\xd2\x24\x90\x2c\x20\x80\x0a\x63\x9a\x04\x92\x05\x46\x4f\xe1\xa3\
\xa8\xcf\xc2\xc8\x89\x2a\x4e\xd8\xe0\x7c\x20\xe6\x10\x80\x31\xd2\
\x05\x42\x5f\x0e\xb9\xee\x6c\x1e\x5e\x9b\x43\x80\x02\x46\x7d\xb1\
\x71\xad\x74\x01\x16\x79\x8d\x21\x30\x22\x36\x06\x59\x22\x46\x71\
\xde\xf6\x10\x60\xc2\x0d\x0d\xa6\x43\x05\x9e\x0a\x2c\x0b\xae\x81\
\x1e\x2a\x58\x18\x65\xa2\x8a\x05\xed\x17\x31\xca\xf3\x46\x82\xd5\
\x08\xaf\x99\xa4\xaa\xfe\x29\x87\xd7\x7d\x0d\x53\x84\x80\x04\x34\
\x46\xfc\x8d\xfe\x65\x9f\xa1\xfe\x29\x26\x58\xc3\x8c\xca\x96\x43\
\x80\x26\x8c\x7d\x0d\x01\xf0\xaa\x26\x4e\x0a\x17\x89\x85\x12\x2c\
\xe3\xe3\xf4\x2f\x7f\x46\xe3\x30\x02\xd6\xc1\x67\x74\x2e\xeb\xe1\
\x24\xf0\x79\x6a\x7a\x8a\x7e\x93\x82\x47\x43\xba\x3e\x18\x0f\xff\
\x3e\x3b\xcb\xff\xce\xd2\x6f\xb2\x4e\xfc\x8b\xb7\xa5\x74\x9d\x75\
\x18\xa5\x48\x8c\xac\x87\xce\xad\xda\xf6\x75\x53\xf2\x32\xc3\x38\
\x99\xd5\x87\xb1\xa2\xd4\x63\xf1\xfd\xd2\x25\x67\x96\xfd\x98\x48\
\x8b\x7e\xe4\xb6\x41\x00\xba\x6d\x38\x57\xd2\xf6\xb8\x7f\xd3\x4c\
\xeb\xa1\x0d\xd2\xa3\xfe\xab\xfa\x33\x5e\x63\xd1\x3e\x74\xb8\xcf\
\x7d\x7f\x8f\x47\x5c\x52\xd0\x0e\xf0\x4b\x8c\xd4\x8f\xe1\x7c\xf1\
\x2f\xf4\x80\x5b\x9f\x0b\x63\x44\xbb\x19\x46\xa1\x97\x60\x54\xf6\
\xa8\x45\x5f\x6b\xd4\x6d\xf5\xa3\xbc\xd6\x2c\x45\x8c\x7c\x1e\xe1\
\x5c\x66\xa4\x4d\x08\xbb\xd4\xf5\x95\x30\x22\xaa\x90\x7d\x4d\x7a\
\x8c\x31\xd4\xa5\x31\x72\xdf\x57\x18\xab\xf6\x2d\x9b\x48\x30\x8a\
\x73\x99\xed\x56\x6d\x72\xbd\xf8\x8d\x75\x43\xff\xdb\x33\x01\xc1\
\x16\x9a\x41\x2c\xe6\x42\x45\x43\x83\x83\x89\x9e\xc9\x5c\xb3\x79\
\xf2\x02\x99\x4c\x5d\xfa\xb9\x03\xf4\x85\x51\xb1\xa6\x89\x71\xa6\
\xdd\x6c\x45\x60\x1c\x1a\x0a\xd8\x48\xca\x77\x80\x61\x3c\x4e\x15\
\x6d\x23\xc9\xb4\x34\x8c\xe1\x2e\x25\xee\x7a\x16\x46\xb4\xa1\xcf\
\xa5\x70\x07\x88\xf5\xc8\x3e\xe7\xa1\x8b\x2c\xf1\x8d\x35\x81\x11\
\x46\xa5\x0b\x70\xf3\xb9\x70\xdb\x38\x3f\x5d\x80\x51\xb6\xdb\x88\
\x31\xf6\xb7\x17\x0b\xa3\x4e\x5e\x96\x30\x72\x12\x58\xb6\x6d\x61\
\xb4\xee\xa4\x18\xef\xeb\xc2\x11\xa0\xec\x43\x48\x29\x02\x94\xd7\
\x1a\x7d\x00\x07\xd5\x05\xef\xe7\x68\x3d\x2b\xc1\x8a\x63\x35\x46\
\x2b\xba\xa2\x08\x10\x7a\x41\x37\xd8\x5c\xdb\x89\x40\xf6\xf8\x0a\
\x95\x50\x67\x8b\xf0\xb3\x34\x76\xc1\x6f\x5c\x1f\x3e\x83\x89\xb4\
\x1e\x8c\x22\x86\x55\x22\xbc\xd2\xe3\x2b\x88\x7c\x1b\x8c\xeb\xb4\
\x30\xd2\x18\x50\x8e\x67\x6b\x30\xfa\x76\xfd\x18\xbe\x0e\x23\xb7\
\x49\x63\xc0\x30\x87\x5f\x63\x2c\x8d\x01\x2d\x8c\xe8\xc7\xb4\xbf\
\x1b\x30\xaa\xf1\xbe\xd6\xc3\x63\x38\x4c\xe8\x91\xd7\x45\x8f\x01\
\x19\x23\xd7\x23\xa5\x38\x4e\xe5\xf3\x0e\x18\xd9\xb9\x52\x8c\xe1\
\x6d\x50\x71\x5d\xd8\xb9\x12\x8c\x78\x19\x4c\xd4\x57\x87\xd1\x7a\
\x1b\xd4\xc2\x08\xc3\x97\x76\x56\xc2\x48\xc3\x2b\x65\xb7\x16\x46\
\x38\x97\xd6\xcb\x73\x40\x7d\x4e\x04\x32\x26\x2b\x31\x01\x68\x8c\
\x5a\xaf\x98\x03\x52\xf9\x03\xdc\x14\xf0\xb3\xd4\xd3\x43\x97\x30\
\x34\x6a\x4b\x00\xb6\x73\xb5\x25\x00\x5c\x84\xb6\x04\x20\x2f\x32\
\x75\x68\x91\x00\x90\x04\x4a\x4f\xdc\xc2\x18\x09\x40\xbc\xd9\x66\
\x61\x4c\x9c\x2b\x9c\x33\xc2\x63\xad\xe7\x93\x40\x95\x13\x42\xb7\
\x8e\x00\x46\xfa\x21\x00\x81\xd1\x4a\x54\x59\x04\x60\x61\x6c\x93\
\x04\x62\x8c\x39\x01\x94\x66\x02\xe6\x24\x65\x39\x17\x61\x5c\x04\
\x01\xe0\x98\x12\xc6\xe4\x6d\xd0\x7e\x08\xa0\x26\xc1\xaa\xfb\x87\
\x73\x40\x52\x4f\x3a\x17\x63\xcc\x09\x60\x3b\xbd\x6c\x23\xb1\xf1\
\x79\xd5\x12\x00\x6e\x34\x4c\x00\x21\x07\xa4\x31\x26\x36\x51\x97\
\x04\xd6\x04\x30\xd6\x8e\x00\xf0\x26\x70\x61\x08\x50\x25\x2f\x20\
\x43\x43\x83\xe5\xd0\xb5\xc5\x10\x00\x17\x41\xd6\x37\x38\x38\x68\
\x86\x29\xfd\x0c\x01\x38\x51\x25\xdb\xb6\x31\xfa\x67\xac\xf2\x39\
\xb9\x85\xd1\x27\x58\x06\x49\x87\xf5\xac\x67\xac\x8c\x91\xf4\x42\
\x9d\xe8\x2f\x8d\x11\x7f\xe3\xc2\x25\x43\x80\x42\x12\xc8\x1a\x02\
\x30\x01\xc8\x62\x62\x34\x86\x52\x7e\x08\x90\x5e\x17\x60\xd1\x05\
\x18\xbd\xd1\x88\x7e\xec\x0c\x99\xe1\x35\xcd\xb1\x08\xd7\x9a\xdb\
\xb6\xc2\x6b\xe4\x7b\xa4\x4d\xe0\x5a\xe3\x1a\xe8\xc2\xc3\x94\xd8\
\x37\x85\x39\x16\x15\xc6\xaa\x0f\x21\x16\xc6\x7e\x86\x00\xc0\x25\
\xfb\x87\x09\x40\x16\x1e\x02\x24\x18\x8d\x24\xb0\xc4\x18\x6d\xa3\
\xe5\x10\x00\x49\xd4\xe2\x10\x60\x30\xbd\xd6\x6d\x86\x00\x38\x2f\
\x0b\xa3\x4f\x02\x43\xcf\xeb\x62\x22\x16\x0d\x01\xb0\x86\x1b\x27\
\x1d\x58\xe0\x20\x78\xf7\x18\x06\x87\x7f\xf1\x37\xfd\x16\x96\x3f\
\x8a\x32\x3d\x45\x49\x08\xe8\xb1\x40\x17\x9d\x99\xe8\xa1\x4e\xae\
\x2b\xe8\xe1\x79\x71\xa6\x63\xe8\xc5\xb6\xb5\x2e\xda\x95\x38\x85\
\x9e\xc6\x1b\xf1\x41\x1f\xbf\x4d\xfa\x25\xc6\x62\x7d\xac\x37\x5d\
\x9d\x87\xae\x33\x69\x7b\x26\x3f\x67\xad\x83\x3a\x09\xa3\xd0\xf3\
\xe7\x2d\xce\x75\xba\xc2\xcb\xe7\x91\xe8\x4d\xe6\x6d\x5b\x18\xcd\
\xfe\x0e\xfd\x53\x8b\xd1\xd0\xc3\x67\xff\x9b\xff\x77\x9a\xfe\xf5\
\xfd\x26\x71\xe2\xdf\x04\x63\x38\x97\x58\xa7\x6e\x37\xc1\x38\x49\
\x53\x51\x13\xbd\x1a\x8c\xfc\x7b\xd6\x3f\xa1\x1f\x75\xbb\x51\x37\
\xd6\x37\x59\xe9\x11\x5e\x7f\x2e\x59\x7d\xb2\xbf\x03\x5e\xad\xc7\
\x18\x71\xed\x24\x5e\xdd\x3f\x5c\x27\x5d\xe7\xa0\x33\x89\xfa\x95\
\x0e\x6c\x89\xbe\x2f\x5d\x43\x3a\x8f\xaa\x6d\xf4\x5b\xa6\xa7\xf0\
\x59\x7a\xb0\x91\x88\x91\x66\x42\xf6\xf0\xaf\x7f\x0c\x48\x4b\x3b\
\x09\x76\xb5\x98\x0b\x21\xbb\x4e\x40\x21\xeb\xad\x0b\x2a\x8f\x0c\
\x17\x1e\x83\x94\xd8\x95\x66\x5e\x05\x3d\xb4\x6b\x31\x17\xdd\x49\
\x43\xf8\x25\xc5\x5a\xd7\xad\x7a\x0c\x28\x31\x96\xef\x00\x7c\x47\
\x01\xd3\x96\x30\x26\x77\x94\xc1\xc1\x86\x3b\x69\x1a\xbd\x58\xfd\
\x88\x69\x9e\x7e\xe6\x5e\x15\xb2\x95\x30\xd2\x1d\x80\x1f\xc5\xd1\
\x63\xc0\xfc\x0e\xa0\x31\x42\xcf\x8a\xae\x50\xe6\xa7\x27\xdc\xf6\
\x19\x2f\x6e\x66\xd2\xb9\x6e\x1e\x09\x51\xe9\x4e\xbb\xde\xe4\xb8\
\x9b\x9d\x9c\x70\x53\x34\x35\x75\x84\x16\x14\xd1\x05\x7d\x96\x5c\
\xeb\x41\xfb\x2e\x45\x11\x60\x78\x5c\xe8\xef\x52\xf6\x9d\xb4\xef\
\x08\x30\xfc\xce\xfd\x58\x8a\xae\x3a\xa2\x1f\x81\x03\x36\xaa\x8b\
\x9f\x09\x98\x26\x2f\xad\x7e\x8c\x11\x20\x87\xd3\x21\x9c\xd7\x18\
\xab\x08\xb0\xb2\xd9\x52\x12\x18\x51\xdc\xa0\xb2\x33\x13\xe3\xcc\
\x4c\xd4\x63\x8c\x3c\x94\x96\x85\xa3\x2b\xa9\x07\x1f\xd2\x85\x1e\
\x03\xd2\x8a\x40\xb4\xb0\x47\x35\x3e\xd0\x63\x17\x94\x98\x04\x12\
\xe3\x4f\x6b\x7c\x05\xe0\x68\x34\xea\x15\xc6\x57\x71\x0c\x28\xea\
\xb3\xc6\x57\x71\x2c\x2d\xc6\xdc\xb5\xe3\xab\x16\x18\x61\xa4\x84\
\x51\x8c\x53\x2d\x8c\x32\x09\xc4\x24\x54\x1a\xa7\x4a\x6c\xa5\x7e\
\xec\x17\x23\x19\x97\xe8\x47\x76\x2e\xa9\x87\xe9\xaf\x93\x63\xa3\
\x6e\x6e\x7a\xc2\xb9\xee\x94\x73\xb3\x93\x6e\x7e\x76\x1a\x0b\x3e\
\xba\xe1\xc9\x59\xf7\xc8\xb3\xa3\xee\x8e\xc7\x9e\x75\xd7\xff\xe4\
\x71\x77\xe9\xb7\xfe\xdd\x6d\xba\xf1\x47\xee\x13\x5f\xfd\xbe\xfb\
\xf8\x97\xbf\xe7\xce\xfe\xfc\x77\xdc\xc7\xbe\x78\xbb\xfb\xfb\xaf\
\xfc\xc0\xad\xbe\xf1\x6e\xb7\xe9\xe6\x9f\xba\xcb\xbf\x7b\x9f\xfb\
\xdc\xf7\x7e\xe6\xbe\x71\xf7\x43\xee\xce\x87\xb6\xb8\x47\x9e\x78\
\xda\x3d\x37\x38\xe4\xdc\xf6\x3c\xe4\x9e\x99\xe6\x95\x95\x3c\x46\
\x7c\xb6\x30\x72\x0e\x88\xfb\x05\x9f\xfd\xb5\x56\xe7\xd2\xc7\xdb\
\xa0\x56\x3f\x5a\xf9\x95\x2a\x09\xec\x13\xb6\xf8\xcc\xce\xa5\x31\
\x7a\xbd\xca\x26\x4a\x79\x2a\xd9\x2e\x74\x9b\x73\x40\x15\x46\x2b\
\x77\x41\x4f\x58\x54\xae\x01\xce\xae\xf5\xf0\x9d\xc4\x88\xcf\xa5\
\xfc\x8a\xee\x6f\x6d\xb7\x28\x7e\x49\xb0\xe1\x61\x2c\xe5\x5c\x6b\
\xb8\x04\xb2\x5f\x02\x08\xba\xad\x08\x20\x9c\x4c\x23\x01\x08\x07\
\xd3\x18\x21\x96\x51\x98\x18\x8d\xf5\xf6\x2c\x8c\x3a\x0b\x5c\xc2\
\x88\x2c\xb0\xcc\x54\x97\xfa\x91\x30\x62\x4d\x40\x85\xb1\x98\x04\
\x92\x7a\xc2\xb9\x64\x99\x9f\xeb\xb9\xfb\x37\x6f\x73\x37\xdc\xf5\
\xa0\x5b\x77\xfd\x0f\xdd\x09\x97\x7d\xd3\xfd\xf7\x55\xff\xea\xde\
\xfa\xb1\x6b\xdc\x7e\xa7\x5d\xe6\x7e\xf9\xfd\xe7\xbb\xdd\x8f\xd9\
\xe4\x76\x5a\xb1\xde\x0d\x1c\x01\x59\xe7\x06\x0e\x0f\x72\xd8\x5a\
\x37\x70\xe8\x1a\x37\x70\xe8\x6a\x37\x70\x18\xfe\x5d\xe3\xff\x3d\
\x62\xbd\xdb\x65\xe5\x46\xf7\xc2\xe3\x37\xb9\x97\x7c\xf0\x02\xf7\
\xfa\x0f\x5d\xee\xde\xf9\x4f\xd7\xba\xe3\x2e\xfe\xa6\x5b\x75\xfd\
\x8f\xdd\x75\x77\x3f\xe6\x1e\x7a\x66\xc4\x8d\x63\xa5\x1f\x44\x13\
\xdd\x29\xd7\x9b\x9a\x70\x63\x61\xd5\x1a\x14\x79\x2e\x16\x01\xc4\
\xb7\x41\x85\x5e\x3f\x04\xe0\x93\xc0\x2d\x08\x40\x3d\x61\x41\xdb\
\x3f\x7f\x02\x08\xbe\x50\x22\x00\x91\x4c\xaf\xc3\xa8\x09\x00\x7a\
\x4b\x26\x80\x38\x15\x38\x86\x5d\x43\x66\xe8\x4a\x43\x00\x55\x69\
\x31\x74\xe5\x44\x55\x08\x5d\xad\xf0\x1a\x1d\x21\x13\x64\x08\x53\
\xac\xb0\x10\x60\x7d\xe7\x85\x30\xaa\x2e\xbc\x1e\xe3\x57\x84\x03\
\xc6\xc2\x10\x00\x04\x90\x24\x62\x0a\x18\x65\x78\x4d\x52\xc0\x88\
\xbb\x2d\x93\x58\x33\xc6\x7c\x25\x23\x3b\x09\x54\xcd\x04\x9c\x18\
\x1b\xa5\xf0\xdd\x39\x4f\x28\xf7\x6f\xeb\xb8\x2b\x6e\x7b\xc0\x7d\
\xf0\x8a\x6f\xbb\xdf\xfd\xfb\xcf\xbb\xdf\x38\xf1\x42\xb7\xf3\xd1\
\xe7\x56\x4e\x7d\xc4\x3a\xb7\xd3\x91\xde\x89\xf7\x38\x66\xa3\xdb\
\xeb\xb8\x73\xdd\xf3\x8f\xdb\xe4\x5e\x70\xfc\x79\xee\xf9\x89\x6c\
\xa2\xef\x53\x39\xd7\xed\x75\xdc\x26\xb7\xd7\xb1\x9b\xdc\x1e\xc7\
\x9c\xeb\x76\x3f\x7a\xa3\xdb\xf9\xa8\x0d\x6e\xe0\x08\x90\xc5\x6a\
\x37\x70\xc8\x2a\xfa\xfc\x4b\xef\x3d\xcf\xbd\xe9\x23\x57\xba\xc3\
\x36\x7e\xd5\xad\xb9\xee\xfb\xee\xd6\x9f\x3e\xe2\x9e\x1d\x1c\x8c\
\x18\x65\xa1\x21\x80\x4a\x4a\x5a\xfd\x68\x0f\x01\x3a\xd1\x60\x65\
\x49\x86\x00\xe1\xda\x58\xe1\x35\x39\x97\x08\xed\x11\x42\x5b\xe1\
\x35\x91\x54\x3f\x43\x00\x96\x10\x5e\x6b\x8c\x6c\xb7\xd1\xc6\x6b\
\x87\x29\xe9\xcb\x40\x25\x8c\x20\x00\xed\x33\x78\xf3\x55\x17\x73\
\x08\x60\x0f\x5d\x7d\x12\x10\x86\x1e\x93\x05\x22\x39\x83\x04\x05\
\x27\xbc\x64\x92\x87\x25\xea\x89\xe4\x02\xd5\x91\x25\xaf\x38\x41\
\xa2\x92\x43\x2a\x31\x24\xeb\x94\xa2\xdb\xb5\xf4\xb8\xed\x54\x54\
\x12\x90\x84\x93\x52\x5a\xd7\xae\xd3\x4e\x16\x4a\xbd\xea\xbc\xa5\
\xa0\x0f\x74\x7d\x55\x52\x2a\x97\x14\xe3\x8c\xeb\xcd\xce\x38\xb7\
\x1d\xc6\x32\xef\x9e\x1d\x1e\x75\x5f\xbd\xf3\x41\x77\xca\x95\xdf\
\x72\x6f\xfb\x9b\xcf\xba\x17\x1c\x77\xae\x77\xf4\xc3\xd6\xba\x9d\
\x8e\xdc\xe0\xf6\x38\xf6\x5c\x72\x66\x38\xf8\x0b\xf0\x2f\x9c\x5d\
\x0a\xfd\x56\x89\xed\xf8\xde\xf9\x2b\xa9\xbe\xf7\xf5\x9c\x1b\xe5\
\xf9\xc7\x9e\x4b\xc4\xf2\xbc\x23\xd7\xc7\x28\x62\xb7\xa3\x37\xba\
\xdf\x3e\xeb\x52\xb7\xf2\xc2\x9b\xdc\xe7\xee\x78\xd0\x3d\x35\x04\
\x07\x07\x19\x2c\xb8\xb9\xee\x6c\xbc\x16\xbe\x6f\xb0\xfe\x7d\x7e\
\xce\xa5\xfe\x91\xf6\xc5\xba\x5a\x47\x26\x5d\xc9\x6e\x85\x3d\x4a\
\x61\xdb\x24\x5d\x91\x50\xd5\xba\x7c\xdd\x35\x46\xad\xc7\x22\x31\
\xc6\xb6\x2d\x1b\x0b\x89\x5c\xdf\xbe\x4f\x08\xfa\xdf\xd2\xfe\xe1\
\x3a\x65\xdb\x94\x98\x35\xea\xd4\x18\xe1\xab\x93\x05\x8c\xac\x13\
\x93\x80\xf6\x63\xc0\x3e\x66\xd9\x25\xc9\x9d\x9a\xe4\x85\x7a\xec\
\x52\x66\x57\x71\xc7\x0d\xcc\xa9\xd9\x15\x05\x21\xb7\x66\x43\x13\
\x63\x78\xd5\x92\x59\x18\x9f\x4d\x8c\x61\xb6\xa2\xbf\xa3\xf8\x64\
\x91\xf5\x88\x8d\x30\xca\xc4\x4e\xa7\xe5\x1d\xa0\xe1\x2e\xc5\x6d\
\x77\x27\xc7\x69\x1c\x3f\x3c\x36\xe1\xbe\xfe\x93\xcd\xee\xd8\x8b\
\x6f\x76\xfb\x9f\x79\x85\x1b\x58\x09\xa7\x5f\xe3\x06\x56\xac\x73\
\xbb\x1f\xb3\xb1\x72\xcc\xe8\xf8\x2c\xfe\xfb\xcc\xb9\x1b\x9d\x7f\
\x69\xb2\xd7\xb1\xe7\xfa\x48\x01\x18\x0f\x5f\xeb\x7e\xeb\xc4\x0b\
\xdd\xbb\xd6\x7d\xd5\x5d\x72\xf3\x8f\xdd\xd6\x67\x87\xf4\x29\xc7\
\xbb\x94\xbc\xe3\x16\xee\x52\xa1\xef\x2a\xfb\x81\x14\x1f\x03\x0a\
\x7b\xc4\x67\x2b\x02\x84\x33\x20\x11\x19\xef\xcc\x43\xd5\x10\x50\
\x16\xf9\x88\x0d\x36\x41\x11\x60\x11\xa3\xaf\x47\x62\xb4\x22\x40\
\x8d\x11\x77\x7b\x0b\x23\xf0\x70\xa2\x9a\xec\x7b\x70\x90\x70\xeb\
\xa2\x1f\x03\xa2\x6e\x2b\xba\xf2\x8f\x01\x2b\x6c\xc1\xe6\xca\x13\
\x81\xe8\xa4\x45\x98\x6a\x8d\xaf\xda\x4e\x04\x02\x01\x68\xbd\xba\
\xf1\x95\x94\xf2\x18\x50\x4e\x56\xaa\x19\x03\xc6\x89\x40\xd5\x58\
\xd1\xc2\x48\x63\xc0\x64\xcc\x5d\xf3\x36\x58\x18\x83\xb1\xd4\x8d\
\x01\x2b\x8c\xfe\x7c\x2c\x8c\xd3\x53\x93\x6e\x61\x66\xc2\xcd\x4d\
\x4f\xba\x3b\x1e\xdc\xe2\xce\xb8\xfa\x5b\xee\x80\xd3\x2f\x75\x03\
\x87\xfb\xf1\x39\x1c\x0b\x61\x79\xea\x74\xe9\x5d\x9a\x1c\x7b\x07\
\x39\x77\x5f\x12\x86\x17\xbb\xf1\x90\xe4\xf0\xb5\xee\xa5\x27\x5d\
\xe8\x3e\x70\xc9\xcd\xee\x7b\x0f\x6e\xa3\xf3\xa5\x12\x56\xd1\xe1\
\x6b\x07\x9b\xd0\xe3\x54\xee\x47\xbe\x6e\x52\xac\xb1\xb4\x35\xbc\
\xb2\x72\x40\x70\x24\xfc\x26\x27\x5e\x95\x72\x40\xfe\xfa\x71\x02\
\xb1\x9c\xa8\xb6\x30\x5a\x39\xa0\xd6\x18\xcd\x57\xad\xf3\xfc\x0a\
\x61\x14\xf6\x05\x3d\x8d\x11\x05\x58\x24\x36\x9c\x6f\xed\x4c\x40\
\x0d\xd2\x32\x5c\x7e\x7c\x28\x41\x16\x9d\x2b\xe8\x71\x7d\xcb\x4b\
\x00\xfe\xae\x6d\x62\x5c\x2c\x01\xd4\xbd\x0e\x2a\x09\xa0\xe6\x75\
\x50\x8a\x00\x44\x3f\x42\x24\x46\x2e\xb8\xb0\xd7\xdc\x76\x8f\xfb\
\xb3\x73\xbe\xe4\xf6\x3c\xfe\x53\xe4\x38\x3b\x1f\x85\xb1\xbb\xe1\
\x60\xcb\x2e\x79\xc8\xbf\x24\x61\x22\x12\x64\xb4\xcb\xca\x0d\x94\
\x3b\xd8\xe5\xc8\x75\xee\x1d\xff\xf0\x05\x77\xd9\x77\xef\x73\xe3\
\x53\x33\xce\xf5\xa6\xdd\xd4\xf8\xa8\xeb\x2c\x03\x01\xa0\x37\x5b\
\x3b\x97\x7c\x0a\x14\xc8\xde\x22\x00\x4a\x54\x33\x01\x04\x3d\xed\
\x5c\x1a\x23\xdb\x38\xa4\x44\x00\xda\x6e\xeb\x30\xca\x73\xa9\x25\
\x80\xd0\xbe\x27\x80\x76\x33\x01\x89\x00\x96\x32\x04\x08\xb3\x89\
\xaa\x30\xa5\x10\x5e\xcb\x04\x8b\x0f\xe7\x86\xcc\xbd\xdc\xec\x24\
\x50\x1e\x5e\xa3\xc8\x21\x40\x13\x46\x9f\x4c\xab\x12\x31\xb5\x18\
\xa9\x83\x9a\x31\xd2\xb9\x84\xd7\x7f\xd1\x5f\x1a\x23\xfe\x46\x5d\
\xb2\x1f\x21\xf2\x95\xd5\xee\xdc\xbc\xbb\xec\xb6\xfb\xdd\xef\xfc\
\xed\xe7\x42\x86\x7e\xad\xdb\x13\x61\xfd\x7b\x43\x92\xee\x38\x88\
\xe1\x64\xcb\x26\xf6\x98\x7f\x47\xc9\x9e\xc7\x6e\x8c\x51\xcd\x6b\
\xcf\xbc\xcc\x9d\xf3\xd5\xef\xbb\xa7\xf1\x88\xb1\x37\xed\xc6\xc2\
\xdd\x58\x17\xea\xc7\x60\x33\xb2\x1f\x8b\x43\x00\x65\xb7\x56\x78\
\x0d\x47\x92\x76\x8b\xba\xad\x21\x00\x1e\xb1\x6a\xbb\xb5\xc2\x6b\
\xbe\xd6\x6c\x17\xdc\x7e\x69\x08\xa0\xeb\x2c\xbd\x0e\xae\xcf\xa5\
\x34\x04\xd0\x2b\x42\x61\xae\x89\x2e\xc5\x21\x00\xbf\x0e\x8c\x8a\
\x20\x78\x8d\x10\x3f\xea\x57\x0c\x11\xc6\xb3\x0e\x0b\x12\x17\x5a\
\x0f\x20\xb5\x1e\x1c\x4e\xbe\x4a\x0a\xb1\xf4\xd0\x86\xd4\x61\xc1\
\x45\x8c\xaf\x04\x87\xd7\x4f\x5b\x63\x9c\xd4\xaf\xd0\x02\x63\xfe\
\x8a\xa8\xc6\x88\x63\x60\x14\x5a\x0f\x6d\x24\xf5\x49\x8c\x5d\xf1\
\x1a\xad\xc2\x88\x47\x66\x53\x93\x88\x28\xb0\x73\x4b\xd7\x5d\xfa\
\x9d\x9f\xb9\x03\xcf\xbe\x9a\x42\xe4\x81\x23\x37\xc4\x31\x7a\x4c\
\xd4\x19\x0e\xb4\x63\x24\x27\x01\x33\x87\xb0\x8c\x82\xfa\x29\x81\
\x78\xe8\x1a\xf7\x8a\xd3\x2e\x75\x9f\xf8\xf2\xf7\xdc\xd0\xf0\x08\
\x25\x3d\xe1\x74\xfc\x7a\x38\x04\xfd\x8a\x3e\xc4\xe3\xd3\xa4\xbf\
\x67\xec\x57\x96\xb5\x4d\xe0\xba\x6a\x3d\xd8\x9e\xd6\x8b\xd7\x5a\
\xbc\x0a\x4d\xf6\xa8\x6c\xc7\xb2\x09\xbe\xd6\x5a\x30\xb9\x48\xea\
\xe1\xbc\xa4\x4d\x70\x9d\x6d\x31\x16\x7d\x46\x9f\xcb\x84\x7f\xb5\
\xd9\xdb\x24\xb7\x9d\x62\x0c\x7f\xe3\x31\x20\x6d\x3b\xdd\xc8\x5c\
\x08\x5d\xf4\xdd\xde\x62\x57\x9c\x0c\xe9\x89\xd0\xc5\x62\x57\x7a\
\x56\x29\x92\x69\x38\xc6\x66\xd7\xf6\xaf\x5a\x52\x08\x18\x31\xfa\
\xbb\xaf\x85\xd1\x62\x57\x0b\x23\x3a\x4e\xeb\x59\x77\x29\x60\x91\
\x77\x00\x16\x0b\xe3\xb5\xdf\xbf\xd7\xbd\xf5\xec\xab\x7c\xf6\xfc\
\xc8\x75\xd1\x21\xb4\x93\xfc\xfc\xe4\xe7\x17\x01\x68\xc1\x79\xef\
\x82\xc4\xe1\xa1\x6b\xdc\xeb\x3e\x7c\x15\x45\x43\xd3\x13\xe3\xf4\
\xc8\x93\xfa\x3c\x5c\x4b\x1d\x5d\xa1\x64\xc3\xd4\xe2\x8a\xcb\x32\
\x4a\xad\x49\x02\x73\xa2\x3a\x5c\x6f\xe8\xc1\x99\x74\xc9\x1e\x03\
\x86\x70\x5e\x63\xc4\xdf\x32\x92\xf6\x77\x7b\x7b\xf3\x1a\xb4\x93\
\xea\xd9\xef\x82\xe0\x89\x41\x3c\x97\x60\x6f\x38\x3f\x5d\xf4\xe3\
\xeb\x92\xdd\x26\x33\x01\xe5\xf8\x40\x8f\x5d\x50\x00\x92\x3b\x9c\
\xc7\xfb\xd6\xd8\x05\x9d\x8b\xdf\xe4\x5b\x4c\xc5\xf1\x55\x43\xf2\
\x02\x52\x1a\x03\x6a\x8c\x10\xbd\x26\x60\x09\xa3\x35\xbe\xb2\x30\
\x82\x00\xb4\x5e\xd3\x38\x55\xe6\x07\x64\x98\xfa\x93\x27\x86\xdc\
\xff\x5c\xff\x35\xca\xe2\x0f\xac\x58\xef\xf6\x5a\x96\xf0\xde\x3f\
\x92\xb3\x1c\x38\x46\x13\xd9\x31\xbf\x38\xe2\x9f\x62\xf8\xa7\x17\
\x98\xb7\x80\xdc\xc7\x3b\xfe\xe1\xf3\xee\x96\x9f\x3c\xec\x5c\x6f\
\xca\xe7\x07\x3a\x7e\x59\x78\xdd\xe7\xc9\x44\xa0\x30\xc3\xcf\xca\
\x01\xc1\x41\xb4\xdd\x5a\x39\x20\x38\x9c\x76\x2e\x26\x00\xa9\x27\
\xf3\x54\x6c\xbb\x75\x6b\x02\xca\xb6\xf1\xaf\x89\xd1\x98\x63\xc3\
\x04\xa0\x31\x26\xf5\x2d\xc7\x44\x20\x10\x00\x45\x00\x35\xce\x85\
\x82\xce\x60\xe7\xe2\x4a\x2d\xe7\x42\xe7\x6a\x27\x2c\x39\x97\xae\
\x6f\xa9\x04\xd0\x57\x12\xa8\x10\xa5\x68\x8c\xba\x3e\xbd\xcb\xaa\
\xc6\x28\x09\x00\x65\xa6\x37\xef\xfe\xfa\xda\xdb\x69\x3c\x8f\xbb\
\x3e\x26\xd8\xc0\xf8\xf1\xd8\x2c\x0d\xbf\x73\x27\x6e\x96\x40\x00\
\x06\x09\xc8\x79\x00\xf9\x71\x5a\x2f\x7d\xc6\x9f\x48\xa1\x5e\x5d\
\xcf\xa2\x25\x79\x8c\xb9\x89\x26\x31\x61\x02\xd3\xfb\x2e\xfe\x86\
\x7b\xe2\xe9\xe7\xfc\xf4\x66\xd5\xdf\x74\xad\xc5\x13\x16\xbe\x36\
\xa6\x73\xf5\xf3\xa4\xaa\x4f\x02\x60\x69\x43\x00\x2c\x26\x46\xfd\
\x9e\x4d\x1d\x46\x75\x2e\x16\x46\x1f\x5d\xa7\xe7\x82\x37\x2d\x25\
\x3e\x14\x3f\x13\xb0\xdf\x97\x81\x44\x58\x61\x85\xd7\x14\x01\xd0\
\xc9\x54\xa1\x7d\x29\xbc\xd6\xf5\x59\x73\x03\x00\x96\x4e\x18\x27\
\xd3\x80\x91\x87\x29\xac\x53\xc2\x48\x43\x80\xc1\xe7\x12\xbd\x12\
\x46\x5d\x9f\xf5\x1c\x38\x99\x09\x88\xa7\x07\x18\xca\xcc\xcd\xb8\
\xef\x3e\xf0\xa4\x7b\xdb\xc7\xae\x71\x03\x07\xaf\xa2\x89\x32\xe4\
\x38\xc7\x7a\xe7\x27\x02\x48\x9c\x6c\xc7\x10\x40\xa6\xaf\xda\xea\
\x87\x00\xda\x92\x4a\xb9\x7d\x5b\xaa\xdc\x87\x27\x82\x3d\x8f\x3d\
\xd7\x0d\x1c\xb2\xc6\xbd\xf2\xb4\x4b\xe8\xbd\x04\x2e\xc1\x6e\xa9\
\xb4\x4d\x02\x13\x01\x28\xbd\xd2\x10\x40\xcf\x56\xac\x1b\x02\x48\
\xc1\xb5\x67\xa7\xe2\x82\xbf\x75\x32\x1d\x62\x61\xa4\x21\x40\x8b\
\xd7\xea\x39\x4a\x69\xc2\x48\x73\x2c\xd4\x70\x06\x51\x92\x2e\x34\
\x04\x18\xa7\x8d\x41\xfc\xa6\x08\x2c\x30\x7c\x54\x02\x26\x81\xe0\
\x33\xd6\x32\xc3\x6f\x48\xc6\x20\xd4\x06\xbb\x01\xa4\xd6\xc3\x77\
\x78\x44\x27\xf5\xe0\x5c\x5a\xcf\xb7\x39\x4a\x3a\xa8\x17\x7a\xb8\
\x58\xac\xc3\x02\x2c\x38\x49\xda\x80\xa1\x09\xe3\xc4\x04\xd5\x13\
\xcf\x85\x30\x86\x0d\x2d\xb0\x59\xc5\x9c\xd7\x03\x01\x60\xa7\x1c\
\xa9\x57\xc2\x28\xeb\xc3\x67\x60\x21\x1d\xaa\xab\x47\x49\xab\x88\
\x71\x7c\xdc\x2d\x74\xa7\xdd\xec\xd4\x84\xfb\xf0\x35\xb7\xba\x5d\
\x8e\xde\x48\x77\x34\x6f\xe8\xde\xa1\xd8\xf9\x6d\x02\x58\x24\x09\
\x98\x9f\xa5\x03\xea\x36\xbc\x48\x87\x66\x22\x60\x9c\x29\x09\xe8\
\x36\xdb\x49\x6b\x02\x88\x24\x10\x26\x32\x1d\xbf\xc9\xed\x7d\xfc\
\x26\xf7\x3c\xe4\x07\x56\xac\x77\xef\xbd\xe4\x9b\x6e\x64\xd2\x3b\
\x04\x5f\x1f\x7d\xad\xf1\x19\x64\x9f\x5e\xc3\x1e\x5d\x57\x5c\x5f\
\x69\x67\xb8\xfe\x89\x5e\xcf\xdb\xad\xae\x8f\xec\x51\x6d\xd8\x82\
\x36\xa2\xdd\x04\x41\xdd\xb0\x01\xa9\x87\x44\x2f\xec\x21\xb1\x47\
\x63\xf3\x92\xd2\xb9\x00\xa3\xd4\x61\xdf\xd2\x7a\x38\x56\xd7\x17\
\xed\x36\xe8\x7a\xbb\x1d\x4b\x74\x70\x03\xed\x76\xbb\xf6\x3c\x80\
\x8c\xb9\x44\x82\x25\x09\x5d\x6a\x76\xb5\x4d\x42\x17\x9e\x65\x17\
\xee\xe2\xf8\x0c\x60\x5a\x0f\x27\x92\xb0\x6b\x38\x46\x87\x57\x84\
\xd1\x78\x9c\x52\xc2\x88\xba\xfa\x0e\xaf\x86\xec\xf0\x0a\x18\xf9\
\x4e\xcf\xf5\xc9\x3b\xc0\x83\x4f\x8f\xb8\x77\xfe\xf3\xb5\x94\xd8\
\xda\xfd\x18\xef\x64\xec\x48\xa6\xf3\x67\x24\x90\x3b\x48\xbd\xf0\
\x31\xb9\x83\x27\xa2\x88\xc6\xdf\xf1\x73\x02\xb0\xa3\x00\xdd\xe6\
\x62\x45\x63\xf5\xdf\xc7\xf6\xe5\x6c\xc6\x40\x08\xf8\x1d\x7d\xf9\
\x86\x0f\x5d\xe1\xbe\xfd\xd3\x47\xe8\x91\x21\xee\xfe\xb8\x0e\xfa\
\xda\xc0\xa6\xd8\x1e\xd9\xce\x4a\x43\x40\x6d\xb7\xd6\x58\xda\x8a\
\x00\xf9\x91\xaf\xd4\xa3\x67\xec\xc1\x06\xa5\xfd\x9a\xc3\xd4\xd1\
\x2a\x99\xce\x75\x5a\x18\x41\x5c\xc9\x46\x25\xe2\x31\xa0\xc6\xe8\
\xcf\xd7\x47\xa0\xe4\x5b\xb4\x7d\x59\xaa\xa7\x23\x17\xd4\xff\x73\
\x9b\x09\x88\x13\xc4\x6f\x32\x2f\x50\x74\x2e\x39\xbe\xc2\x82\x9b\
\x61\x6f\x40\x89\x0f\x22\xc7\x80\x5c\x67\x09\x23\xea\xa2\x64\x51\
\xcd\x44\x20\x10\x40\xd4\x0b\x49\x25\xcb\x28\x80\x91\xdb\xa4\x73\
\xa6\x65\xb9\x3c\x99\x7d\xe9\xce\x47\xdc\xaf\x7c\xe0\x7c\x32\xd8\
\x64\x56\x5e\x1b\x02\x88\x0e\xaa\x9d\x26\x38\x8c\xa9\x6b\x38\x79\
\x9d\x88\x50\xbf\x3f\x02\x28\xe1\x6a\x2b\x46\x9d\xa2\xde\x1c\x87\
\x24\x83\xf3\xdc\xde\xc7\x9f\x47\x91\xc0\x1e\xc7\x6c\x72\x1b\x6f\
\xf8\x01\x25\x08\x79\xc3\x3d\x79\x6d\x40\x00\xda\x1e\x2d\xe7\xca\
\x93\xc0\x65\x02\xd0\xf5\xc1\x37\xa4\x1d\xa2\xd0\xee\xc0\x62\x98\
\x4a\xce\xb8\x0c\x79\x2a\x5e\x70\x96\xed\xbb\x44\x00\x64\xb7\xc2\
\x0f\xd0\x86\xc6\x18\x27\x02\x05\x8c\x44\x30\x4b\x9d\x09\xd8\x0f\
\x01\x68\x67\x6d\x4f\x00\x79\x82\x05\xd2\x36\x09\x44\xaf\x83\xaa\
\x0d\x48\x2c\x8c\x44\x00\xf4\xf4\xa2\x9a\xf6\x69\x19\x85\xc4\x88\
\x0c\xf5\xcc\xc4\x98\xeb\x4d\x4f\x50\xa2\x0f\x46\xba\xf3\x51\xeb\
\xd5\x73\xfc\xca\xe0\x6b\x9d\x3f\x71\x0a\xe5\x74\x5a\x27\xd3\x6b\
\x47\x00\xa9\xf3\x6b\x11\x04\xa0\xeb\xd2\x78\xb4\x73\xd7\xfd\x66\
\xe0\x68\x57\xaf\x14\x1f\x15\xec\xba\x72\x23\x4d\x22\x3a\xf6\x82\
\x1b\x5c\x4f\x6f\x0c\xb3\x24\x02\xe8\x23\x09\x9c\x25\xaa\xfb\x27\
\x00\x6d\xb7\x25\x8c\xda\x67\xca\x04\x90\xea\xd5\xce\x04\x64\x02\
\x98\xa8\x99\x09\x88\x10\x4b\x87\x3e\xec\x5c\xb2\xf8\x21\x40\x73\
\xf2\x82\x22\x00\x84\x4f\x38\x21\x00\xa8\x49\x5e\x50\x87\x07\xc1\
\x67\x6b\xb5\x15\x14\x5e\xfd\x87\xea\xab\xc1\xe8\x13\x9c\x08\xdd\
\x3c\x9b\xa2\x4e\x0b\x23\x67\x81\x99\x28\xa0\xc7\x04\x20\x0b\x61\
\x0c\x2f\x7d\x60\x11\x0e\xbc\x02\xfb\xbf\xd6\x7c\xc5\x0d\x1c\xb2\
\x9a\xde\x90\xeb\xcb\x01\x96\x2a\xfd\x12\x40\x23\x09\xd4\xd4\x93\
\x39\xaa\xd0\xcd\x7e\x2b\x90\x96\x25\xad\x49\xc0\x0b\x9e\xa2\xa0\
\xaf\xff\xcb\x27\xbe\xe4\x9e\x1e\xab\x88\x1c\x45\x0f\x01\x70\x3d\
\x8b\x49\x60\x65\xb7\x75\x49\xe0\x68\x8f\x85\x44\x35\x13\x80\xaf\
\xcf\xff\x0b\x7d\x6b\xb6\x22\xbd\xb2\xae\xec\xd6\xc4\x48\x43\x80\
\x54\x8f\x09\x40\x16\x4f\x52\x43\x6e\x38\xec\x32\x85\x63\x2c\xdf\
\xa2\x21\x00\xfa\x26\xc8\xa4\xdf\x8c\xa4\x33\x30\x37\x37\xd7\x41\
\x07\x42\x81\x05\xce\x05\x87\x41\xa2\x0c\xd1\x00\x1c\x02\x0d\xe1\
\x4e\xcc\x3a\xf8\x0c\x07\xc1\x89\x43\x87\xf5\xe0\x5c\x5a\x0f\xce\
\x85\xdf\xa4\x1e\x8e\xd5\x7a\xdd\x5e\x37\xea\xb0\xa0\xc3\xe0\x74\
\x12\x1f\x04\x49\x0d\x5d\xa7\x85\x11\x17\x16\x84\xc6\x75\xb5\xc1\
\x28\x13\x2c\x5a\x0f\x24\x43\x8b\x80\xce\x4e\xb9\x07\xb7\x3c\xe5\
\xde\xf2\xd1\x2b\x29\x63\x9d\x39\x84\x36\xf4\x1d\x21\x89\xe3\xb4\
\x6f\x17\x44\x50\x1d\x2f\xc4\xd0\x8d\x92\x39\xa9\x3a\x46\xfe\xa6\
\x8f\x5d\x8c\x64\xed\x55\x42\x8f\x0b\x0f\x5d\xeb\x5e\x7b\xd6\x15\
\xee\x67\x4f\x60\x0d\x02\x6f\xe0\x30\x7c\x6d\x13\xb8\xae\xfa\x1a\
\xc2\x91\xc8\x6e\x49\xd7\x13\x3e\xec\x44\xeb\xc1\x31\x75\x7d\x68\
\x43\xda\x21\xf4\x90\x6c\xd4\x76\x0b\xe1\x64\x9b\xd4\xb7\xec\x16\
\x7b\x52\xe8\xb6\x81\xa7\xf2\x2d\x3f\x0c\x00\x6e\xad\xc7\x18\x7d\
\xc2\x6f\x94\xce\x09\x76\xab\x31\x7a\xbb\x0d\x8b\x98\x84\x85\x5b\
\xb0\x18\x90\x9f\x08\xa4\x56\x04\x82\xc3\x81\x14\x70\x20\x04\x9f\
\x71\xe2\x3e\x24\xa9\xc6\x24\x68\x5c\xeb\x59\xe1\x15\x00\x69\x3d\
\x00\x8a\xa1\xb9\x78\xd3\x8a\x75\x58\x6f\x7e\xde\xef\xc5\x86\xba\
\x38\xcc\x81\x58\x18\x39\x04\xf4\x27\xd9\x8c\x91\xeb\xa2\x90\x68\
\x72\x32\xd3\x8b\xe3\xab\x30\x0e\x83\x1e\x2e\x08\xca\xbd\xdb\x86\
\xdc\x2b\x4e\xbb\x8c\xa6\xf2\x22\x7c\xce\x0c\xf8\xe7\x21\xc1\x09\
\x1b\xef\xde\x7c\xf7\x6f\x10\x7d\x4c\x26\x35\x04\x20\xf3\x08\xd9\
\x71\x8b\x15\xc3\xf9\x13\x12\x38\x7c\x8d\xfb\x8d\xbf\xfc\xb4\xfb\
\xe6\xdd\x0f\x39\x37\xe3\x9f\x20\xe9\x6b\xc8\xc3\x54\x19\x22\xe3\
\x06\xa0\xf5\xe2\x10\x50\x0d\x53\xb5\x9e\xb7\x5b\xd8\x44\x95\x07\
\x82\x7d\xb0\xa3\xb1\xe0\x6f\xb2\x5b\x0e\xf7\x43\x64\x60\x62\x54\
\x4b\x82\xd5\x61\x64\x3d\xf6\xad\x12\x46\xed\x83\x20\x11\x89\x2f\
\x90\x66\x7f\x9b\x83\xea\x0e\xb2\xc6\x2e\x00\xae\x1b\xb7\xc6\x57\
\x12\x24\x3b\x57\x36\xbe\x0a\xd3\x6c\x4d\x02\x28\x8c\xaf\x74\xdb\
\x16\x46\x8b\xa4\x4a\x18\x65\xbb\x43\x9d\x8e\x73\xf3\xb3\xee\x87\
\x8f\x3e\xe3\x5e\x7a\xd2\xc5\xf4\x88\x2f\x8e\xf7\xb5\xf1\x2e\xb7\
\xb0\xf1\xab\xef\x74\x12\x0f\xdf\x13\x21\x18\x0e\x6e\x8a\x1e\x06\
\xe8\x76\x0b\xed\x25\xce\xa8\xc4\xe3\x5c\x86\x3e\xa9\x89\x02\x22\
\x09\xac\x58\xef\x5e\x74\xfc\xb9\xee\x5f\xef\x90\xf3\x05\xaa\x6b\
\xd8\x36\x4f\x95\x3d\x05\xaa\xcb\x53\x85\x31\x3e\x0b\xec\x93\x9d\
\x8f\x85\xed\x36\xd6\x29\x08\x40\xd7\x89\x76\x74\xdb\x4b\xc1\x98\
\x11\xc0\x10\x26\x02\xe5\x4f\x2f\xe2\x4c\xc0\x36\x53\x81\xc1\x52\
\x92\x00\xf0\xd9\x5a\xcb\xae\x2d\x01\xd0\xdd\x55\xd5\x97\x11\x00\
\xcf\xa8\x0a\x77\xe0\x28\x81\x71\x65\x9d\x90\x7e\x09\x40\x32\x69\
\x11\x23\xe3\xc3\xcc\xbe\xee\x14\x4d\x53\x7d\xf1\xfb\x3f\x45\x6f\
\xee\xed\xbd\x9c\x77\xbb\x4c\x36\xc6\xcf\x70\xcc\xdd\x56\xe2\xe5\
\x99\x55\x7e\x49\x2e\x16\xfc\x1d\x65\xb5\x1b\x38\xf4\x1c\x37\x70\
\x88\x25\xd0\xd7\xdf\x9d\xa3\x8e\x97\x3a\xb2\x1d\xf1\x1d\xb5\x21\
\x45\x63\xf0\x3a\xbb\xae\xdc\xd0\x3e\x2a\xaa\x1b\x82\x34\x10\x00\
\x84\xe6\x0b\x1c\xb9\xde\xed\xb9\x72\x83\xfb\xfa\x5d\x8f\x66\xd7\
\x90\x9e\x02\xa9\x6b\x6d\x39\xd7\x6c\x88\x00\x9a\x9c\xcb\x27\x81\
\x59\x0f\xe3\x73\x9f\x37\xb2\x08\x80\x26\x2b\xa9\x3a\x2d\x02\xb0\
\xa6\x02\x5b\x18\x65\x94\xc2\x7a\xbc\xe7\x82\xd4\xcb\x08\xa0\xf8\
\xf4\xc2\x24\x80\xfc\xf9\x25\x83\xd4\x0e\xbb\x14\x02\xc0\x44\x09\
\x5d\xdf\x52\x08\x00\x8f\x85\x16\x43\x00\x90\x12\x46\x26\x29\xd4\
\x85\xa5\xb2\xbf\xf3\xb3\x47\xc9\xf9\x77\x5a\x11\xee\xfc\xda\x60\
\xa5\x41\xeb\xef\xfb\x12\x38\xbf\x27\x80\xbd\xf1\x1c\xfc\xb0\xd5\
\xb4\x38\xe7\x11\x9f\xba\xc1\x1d\x77\xd1\x37\xdc\xd1\x17\xdc\x48\
\x72\xcc\x05\x37\xb9\x63\x2e\xf4\x72\x74\xf8\xf7\xd8\xf0\xdd\xb1\
\x41\x8e\xa3\x7f\xbf\x11\xff\xa6\x63\xe8\xd8\x1b\xc3\xef\xfe\xb7\
\x78\xcc\x45\xf8\xfc\x0d\xd2\x3b\x5a\x88\x6c\x4b\x4b\x6c\xeb\xa2\
\x6f\xb8\xc3\xcf\xbb\xde\xfd\xd6\x09\xe7\xd3\xbc\xfe\x74\x38\x50\
\x11\x5a\x22\x75\x04\x10\x7f\xcf\x1d\xbf\x1a\xfe\xf8\xa8\x63\x67\
\x90\xc0\xd1\x1b\xdc\x8d\xf7\x6c\x8e\xd7\x11\x45\x0e\x01\x70\x1d\
\x11\xc5\x59\xce\xc5\x04\x20\x9d\xab\x48\x00\xf1\xae\xce\x6b\x02\
\x2e\x8d\x00\x28\x02\x50\x53\x81\xe1\xec\x5a\x0f\x2f\x03\x69\xbb\
\xb5\x9e\x54\xf5\x47\x00\xc3\xc3\x1d\xac\x53\xc6\xe3\x66\x1c\x60\
\x8d\xaf\x69\x08\xc0\x89\x93\xe0\x90\xa5\xf1\x35\xeb\x71\xe8\x6e\
\x8d\xaf\x39\x99\xc6\x49\x18\xe8\xe9\x1c\x00\x04\x8e\xce\xc9\x12\
\xae\x93\x27\x82\xe8\x3a\xe9\x11\x8b\x7a\xe4\x87\x8e\xd4\x7a\x1e\
\x63\xaa\x67\x61\xc4\xce\xae\xf8\x0d\x77\xfe\x3b\x1f\xdc\xe2\x7e\
\xf3\x83\x17\xba\x81\x23\xd7\xd3\x5d\xc7\x34\xd8\x26\x63\x6e\x29\
\x1c\x9e\x23\xc2\xc0\x5d\xf5\xd5\x67\x5c\xe2\xee\x7b\x2a\x5f\xd7\
\xfd\x17\xb5\x3c\xb0\xad\xe3\x5e\x7d\xfa\x65\x94\xad\x27\x67\xc5\
\xd3\x11\xe3\x3c\x49\xda\xf4\x59\x24\x01\x49\x06\x29\x39\x80\x90\
\x11\x09\x80\x30\x6f\xbd\xff\x49\xc2\xb1\x10\x72\x00\xb8\x86\x7c\
\xad\xb1\x67\x62\x69\x7c\x2d\xf5\xf0\xb9\x34\xbe\x26\x3d\xd2\xf5\
\x24\xc0\x37\x24\xcb\x6e\xab\x3a\xbd\x6f\x75\xbb\x79\x0e\x80\x87\
\x00\x89\xdd\x1a\x18\xf9\xe6\x1a\x7d\x81\xe6\xa0\xe4\x18\x93\xdc\
\x55\xa8\x0f\x58\x24\x3e\x14\xca\x01\xe0\xff\x70\x90\xcc\x1a\xc2\
\x91\xb8\x11\x76\xba\x52\x86\x1d\xec\xc7\x59\x76\xe8\x35\x65\xd8\
\xf1\x52\x02\x3e\xe3\xfd\x78\xad\xc7\x99\x4a\x7a\xfa\x00\xbd\x90\
\x29\x95\xd8\x48\x57\x60\xe4\x7a\x4b\x18\xe9\x49\x85\x6a\xdb\xc4\
\x38\x3d\x9d\xe9\xf1\x1d\x60\xeb\xd0\x98\xdb\xf7\xe4\x8b\x28\xe1\
\x07\x03\xcb\x8c\x55\x1a\x71\x93\x31\xd7\x88\x1c\x9b\xb3\xf3\xbf\
\xf6\xcc\x4b\xdc\xe3\x43\xe1\xd1\x13\xb3\x77\x10\x7c\xfe\x45\x13\
\x9e\xb0\xbf\x79\x70\xd4\xbd\xe6\x8c\xcb\xdc\xc0\xc1\xab\x7d\x3e\
\xe0\x98\xfc\x7c\xa3\x2c\xa6\xbf\x74\x7f\x07\x12\xc0\x5b\x85\xbf\
\xf2\xfe\x4f\xbb\xef\xdf\xf7\xb8\xdb\x3e\xed\xb7\xc1\xd6\xd7\x1a\
\x6b\x44\xb0\x83\xb0\xed\x34\x3d\x05\xc0\xbf\x7c\x93\x4a\xed\x11\
\x4f\x01\xe6\xa2\xce\xc8\x48\xf5\x14\x00\xdf\xcb\x3a\x21\xf1\x49\
\x45\xa8\x97\x6f\x52\xba\x6d\x4a\xcc\xb3\x3d\x86\xba\xeb\x9e\x02\
\x68\x8c\x5a\xcf\x63\xf4\xfe\xc2\x75\xd1\x53\x00\x9e\x08\x24\x0b\
\x2a\xa3\xe7\xa9\x08\x1f\xc2\xaa\x36\x1c\xba\xc8\x82\xf7\x03\xa2\
\x5e\xab\x79\x00\x21\x74\x29\x3c\xab\x8c\x93\x6c\x38\x14\x0b\x6c\
\x87\x13\x90\x05\x26\x26\x31\x42\xaf\xf4\xae\x35\x85\x80\x43\xa8\
\xcf\x3f\x6d\x28\x61\x8c\xf3\x00\x02\x46\xe8\xcd\x77\xa7\xdd\xe8\
\x54\xd7\xbd\xf5\xec\xcf\xd0\xd8\x36\x09\x69\xf9\x73\x72\x27\x5a\
\x3c\x01\x54\x49\x39\x3f\xae\xe5\x55\x73\x36\x0f\xa6\x53\xa6\xff\
\x6f\x11\x14\x60\x7f\xed\x69\x97\xb8\x81\xf7\xac\xca\xce\x77\xd9\
\x24\xe9\xff\x90\x18\x3c\x62\x9d\xdb\xef\xa4\xf3\xdd\x7d\x8f\x6d\
\xa1\x55\x89\x75\xa1\x21\x60\x08\xb9\xd9\x6e\xeb\xe6\x01\x70\x38\
\x8d\xcf\xb0\x3b\x5d\x60\x9f\xec\x7c\x3e\x2f\x90\x0e\x53\x65\x81\
\x73\xd2\xdc\x02\xb2\xdb\xfa\x35\x2b\x86\x61\xb7\x1c\xb9\xd4\xcc\
\x03\xa0\xf6\x42\x62\x92\x30\x1a\x73\x15\x80\x05\x73\x14\x3c\xc6\
\x65\x5a\x13\x50\x66\x58\x79\x4c\x62\x8e\xaf\x78\x26\x60\x5c\x23\
\xc0\xde\xd6\x1a\x04\xc0\x63\x7c\x92\xf0\x19\x1d\xac\x0d\x4c\x4f\
\x05\x06\x06\x0b\x63\xdc\x18\x82\x3b\xb2\x80\x31\x79\x0c\x34\x32\
\x4c\xbb\xed\xcc\x4c\x4f\xba\xff\xb6\xea\x2b\x6e\xe0\x3d\xe7\xe4\
\xce\xaf\xee\x3e\xd9\xf8\x54\x1b\x6a\x83\x70\x46\x9e\xa6\xbd\x1e\
\xba\xda\xfd\xf6\x99\x97\xba\xcd\x43\x69\x1f\xfd\xdf\x26\x28\x5b\
\x06\x47\xdd\x6b\xb1\xc0\xe9\xc1\xab\xfc\x78\x3d\x9c\xab\x3e\xff\
\x25\x89\xba\x06\x44\x02\x87\xad\x71\x6f\xfb\xe8\x15\x6e\x62\x3a\
\x1f\x4b\xb7\x7d\x0a\xd4\x6e\x26\x60\x95\xf1\x67\x3f\xe0\x35\x04\
\x99\x00\xa4\x2e\x0d\x53\x55\xae\xa1\x94\xa7\xd2\x76\xcb\x04\xa0\
\x31\x72\xbb\x12\xa3\xd6\x03\x16\x3e\x8f\x66\x02\xd0\x8b\x59\x2e\
\x1b\x01\xa4\xe3\x2b\xad\x47\x04\xa0\xb7\xde\x6e\x43\x00\xa1\x4e\
\x0b\xa3\x26\x00\x7c\xb6\x30\x46\x02\x18\x19\xa6\xba\x31\xdf\xfc\
\xbd\x17\x7d\x83\x42\x58\xfb\xcd\x3d\x3d\x0e\xb5\x3e\x07\xd1\x06\
\xab\x24\x86\xfd\x74\xe7\x5f\xe5\x5e\x77\xd6\x65\x6e\x4b\x08\xfb\
\xf5\x79\x7b\xb4\xbf\x98\x05\xd8\x34\x5e\x14\x9c\xcb\x1b\xce\xf4\
\x39\x01\x7e\x3a\xb0\x63\x49\xe0\x5c\x4f\x02\x07\xaf\x72\x87\x6d\
\xba\xa1\xc2\xa7\x08\x80\x6f\x1e\x4b\x21\x00\x14\xec\x0c\x95\x12\
\x80\x17\x8b\x00\xf4\xa2\x35\xf8\xbc\x54\x02\xe0\x73\xa9\xc5\xb8\
\x58\x02\x60\x90\x96\x73\x81\x00\xb0\x9d\x74\x1b\x02\x20\x90\xe2\
\x64\x8a\x04\x10\x23\x80\x74\x08\x20\xf1\x41\x98\x00\xe4\x49\x95\
\x30\xfa\x29\xbe\xbe\xde\x12\xc6\x8a\x00\x46\x9c\x9b\x9b\x76\x1b\
\x6f\xfc\x11\x65\xb2\xf1\x6e\x7a\x6e\x68\xe9\x1d\x27\x73\xf8\x92\
\xa8\xba\xf2\x31\xff\x6a\xf7\xda\x33\x2e\x71\x8f\x17\xc2\x7e\xfa\
\x0e\xc6\x71\xf5\x17\xdd\xc4\x79\x97\xba\x89\x0b\xae\x70\x13\x17\
\x5d\xe5\x26\x2f\xba\xda\x4d\x5e\x74\x95\x9b\xb8\xf0\x4a\x2f\x17\
\x85\x7f\x59\x2e\xc0\xbf\x57\xb9\x89\x8b\xaf\xf6\x42\x3a\x57\x79\
\xb9\xf0\x0a\xa1\x77\x85\x9b\xc4\xdf\xf4\x9b\x51\x07\x7d\x8f\xe3\
\x71\x5c\x68\x0f\xed\x7f\xfa\x32\x37\x7d\xf5\xb5\x9e\x00\x0a\xb8\
\x9f\xe8\x8c\xbb\x37\x9c\x85\x9c\x00\x22\x01\x9c\x7f\x4d\x62\x70\
\x31\x92\xf4\xb5\xbf\x2e\x58\x55\x19\x04\xfe\x89\xaf\xdd\x19\xfb\
\x13\x05\x8e\x14\xc3\xf0\xe5\x20\x00\x9e\xf4\x23\x6c\x11\x52\x4b\
\x00\x64\x8f\xbe\x4e\xeb\x69\x1a\xd6\xdb\xe4\x3d\x27\x7c\xdb\xe5\
\xb7\x01\x87\xe4\x5b\x83\x35\x18\xa5\xbf\x44\x02\x18\x1b\x1b\xef\
\x60\xa7\x12\x1c\x84\x57\x15\x11\xfe\xa3\x52\x38\x63\x94\xf9\xfc\
\x5d\x7b\x7c\x86\xd3\x24\x7a\x85\x77\x96\xd1\x98\xd6\x03\x29\x48\
\x3d\xb4\x3d\x31\xee\xdf\x6d\x96\x02\xa7\x8e\x3a\xfc\xfe\xf5\xf8\
\x38\x65\x53\xb5\xee\xf8\x78\x3b\x8c\xe8\xc8\xb4\xed\x0a\x23\x4c\
\xf8\x07\x0f\x3d\xe9\xf6\x38\xfa\x5c\xb7\xeb\xd1\x98\xdb\x5f\x36\
\xb0\x8c\x04\x94\x5e\x36\xc9\x46\x91\x40\xe5\xfc\xfe\xce\xff\x9a\
\x06\xe7\x47\x19\x39\xfd\xaf\xdd\x96\xdd\x5e\xe2\xb6\xbc\xf0\x15\
\x6e\xcb\x2f\xbd\x32\x93\xcd\x52\x5e\x28\x84\xbe\x7b\x15\xfd\x4b\
\xba\x2f\xc4\xbf\xaf\x70\x9b\x5f\x28\x64\xef\xea\x33\xd5\x4f\x3a\
\x46\xfd\xb1\xce\x57\xf8\xfa\xf6\x7e\x05\x61\x1a\x3e\xfd\x63\x11\
\xa7\x85\xff\x89\xa1\x31\xf7\xfa\x33\xc3\x70\x40\x3c\xea\x5c\xb2\
\x98\xd7\xc6\x7f\xc6\xd6\x66\xcf\x3b\x62\x8d\xbb\xee\x87\xf7\xd3\
\x24\x2e\x24\xe9\x60\xa3\xa9\x4d\xcc\x9b\x76\x0b\x9b\xd7\xb6\x03\
\xdf\xd0\xf6\x08\x81\x9d\x4a\x3d\xfc\x0d\x3b\xd5\x75\xc2\xee\xe1\
\x4f\x52\x77\x72\x32\xb7\x5b\x3c\x99\xd3\x6d\x67\x18\x47\x6c\x8c\
\xd1\xb7\xc4\xb4\x76\xfc\x2b\x75\x70\x53\xed\xf5\x7a\x61\x26\xe0\
\x44\xba\x28\xa8\xb5\xf5\x36\x4e\x86\x58\x13\x2c\x52\xf3\x12\x03\
\x3d\xaa\x50\x8b\x7d\x5a\x09\x16\x7a\x56\xd9\x62\x45\xa0\x85\xb0\
\x28\xa8\xbe\xdb\xeb\xc4\x20\x0a\x8e\x97\x18\xeb\x5f\x06\xe1\x25\
\x93\xc2\x12\xe0\x01\xe3\xf8\x4c\xcf\xbd\xe1\xc3\x57\xd2\x34\x53\
\x3f\xab\xad\xce\xc8\x94\xf3\x1b\x06\xa9\x09\x40\xde\xf5\xa5\xf3\
\xff\xf6\x59\x97\x35\x3a\xff\xf0\xa9\x1f\x75\x5b\x9f\xbf\x8f\xdb\
\xba\xdf\x41\xf5\xf2\xf2\x37\x1b\x52\xfd\xfe\xc4\xcb\x59\xb4\x4e\
\x2a\xa4\x03\x7d\x21\x59\x5b\xf4\xfd\x5b\xdc\xd6\xfd\xde\xec\xb6\
\xbc\x70\x3f\x37\x72\xe6\xdf\x46\xbc\xd6\x79\x6c\x1d\x1a\x77\x6f\
\x0c\x91\x00\xf7\xdb\x92\xf2\x02\xc5\xeb\xc2\xfd\xbf\xc9\x3d\x6f\
\xc5\x5a\xb7\xdf\xc9\x17\xb8\x2d\x4f\x3d\xe3\xa6\xc6\x3c\x01\xe8\
\x82\x79\x00\x6c\x8f\x6c\xb7\x56\xa2\xda\x27\xd3\xbc\xcd\xb2\xed\
\xc2\x1e\xe5\x75\x42\xc1\xdf\x14\x71\x4a\x7b\x54\xcb\xc2\x73\xa1\
\x48\xba\xb0\xae\x86\x2c\xb8\x99\x69\x3d\x0b\x23\x7c\x4b\xeb\x51\
\x64\xab\x8a\x5f\x14\x14\xbb\x03\xb7\xd8\x1e\x9c\xe6\x01\xb4\x18\
\xbb\x00\x38\xea\xe0\x31\x3c\xf4\x78\x5f\x7b\xa9\x47\xcf\x53\x1b\
\xc6\x2e\x10\x38\x3a\x3d\x96\x0b\x89\x15\x96\x0c\xa3\x4a\xb0\xd4\
\x62\x94\xaf\x5a\x52\xe8\xd6\xa1\xef\x50\xde\x7b\xc9\x2d\x79\xd6\
\x3a\x31\x32\x69\x68\xe2\x3b\x6d\x98\xe1\xb8\x5a\x02\x40\xd8\x7f\
\x08\x1e\xf5\x5d\xea\x1e\x1f\x2c\x24\xfc\xe8\x5b\xe7\x46\x4f\xfb\
\xa8\xdb\xba\xe7\x3e\xde\x39\xa3\xe3\xc1\xd9\x2b\x87\x87\x43\x97\
\x9c\xda\xff\x26\x9d\xdf\x13\x00\xc9\xbe\x41\x44\x1d\x95\xe8\x63\
\x94\x30\x39\xbc\x22\xe0\x79\xe1\xcb\xdd\xc8\x19\xf5\x91\xc0\xb6\
\xe1\x09\xf7\x86\x0f\x5d\x1e\x93\xab\xcb\x4f\x00\xe9\xf7\xfe\xe5\
\xa1\x35\xee\x2f\xd6\x7e\xc5\xcd\x4d\x8d\xbb\x2e\xf6\x5d\x54\x36\
\x21\x27\x02\xf1\x70\xb6\x34\x4c\x25\xfb\x66\x1b\x2b\xe4\xa9\xc8\
\x6e\xf1\x68\x4e\xe5\xa9\x70\xbc\xae\x73\x29\xd3\x95\x9b\x26\x02\
\xb1\x1f\x00\x8b\xbe\x0e\x61\x26\x60\x3b\x02\x48\x66\x02\x86\x49\
\x0d\xa6\x73\x49\x02\x08\x27\x6d\x8d\x5d\x7a\x7d\x2c\x0a\x4a\x1d\
\x29\x9c\xdf\x24\x00\xd7\x3e\xc1\x12\x09\x20\xe6\x05\x30\xc9\x66\
\xc1\x7d\xe9\xce\x47\xe9\x2d\xb3\x3d\xf5\x33\xeb\xec\xee\x62\x18\
\x9a\x36\xcc\x70\x5c\xc9\xf9\xe9\xce\x7f\xc8\x39\xee\xd5\xa7\xb7\
\x08\xfb\x71\xe7\xdf\xf3\xa5\x99\xf3\xc3\x01\x2d\x02\x80\x33\x6f\
\x85\xe0\xfb\xf0\x6f\xd9\x99\xb5\xc3\x6b\xd1\xfa\x86\x68\x12\x78\
\xc1\x3e\xae\x73\xda\x47\x23\x7e\xeb\xbc\x9e\x44\x4e\x80\x86\x03\
\xea\xf1\x6a\x3f\x62\x3a\x7f\x7e\x6d\xf8\xfd\x04\xe4\x58\x36\x5c\
\xff\x83\x0c\x17\x4a\x24\x00\x71\xe3\x6a\x43\x00\x10\x7e\xd1\x46\
\x9e\x63\xb4\x5b\xe5\x0b\x1c\x01\xc8\x3a\xdb\x26\xd3\x99\x00\xb8\
\x5d\x22\xa9\xc2\x54\x60\xed\x07\x45\x02\xf0\x2f\x03\xf9\x4c\x39\
\x8b\x15\x5e\xe3\x35\x46\xcd\x3e\x56\x78\xed\x87\x00\x76\x82\x45\
\x96\xae\x31\x04\x00\x48\x5d\x00\x96\x3b\x4f\x8a\xf5\x8c\x15\x04\
\xe0\xdb\xae\x1f\x02\x80\x00\x24\xc6\xe9\x89\x31\xda\xc0\x72\x9f\
\x53\x2e\x71\xcf\x5b\xb1\x2e\x37\x34\x32\x36\x6d\x60\xb9\xa1\x99\
\x64\x60\x3a\xbf\xbf\xf3\xbf\x06\xce\xff\x9c\x3f\x67\x79\x71\xf8\
\x02\xa1\x0c\xe3\xce\xbf\xd7\x3e\x95\x43\xb3\xc3\x05\xe7\xcb\xef\
\xf2\x82\x00\x82\x94\x1d\x59\x3b\x7b\x41\x92\xe8\x40\xd7\xa1\x48\
\x80\xb0\xbd\xd9\x6d\xd9\xfb\xe5\x8d\x39\x81\x27\x87\x27\xdc\x1b\
\x3f\x74\x45\x98\x2c\x74\x6e\x98\x31\xd8\x47\x5e\xc0\x74\x7c\x7d\
\x6d\xfc\x67\x90\x00\x56\x1b\x7e\xf1\x7b\x37\xb9\x47\x9f\xf6\x9b\
\x95\x56\xbd\x2c\x86\x00\x6c\xb7\x85\xf0\x1a\x6f\xa7\x92\x1f\x08\
\x81\x7d\xca\x6b\x86\x12\xed\x56\xf9\x8c\x35\x04\xe0\xe1\x35\xd7\
\x8b\xb6\xeb\x86\x00\xbe\xce\xf2\x10\x20\xee\x68\x24\x76\xc3\x02\
\x49\xe9\x42\x43\x00\x2c\x0c\x08\x67\x42\x72\x83\x05\x8c\x84\x8a\
\x91\x94\x83\xe0\x33\xd6\xf5\x03\xb3\x44\xbd\x9e\x5f\x70\xd1\xeb\
\xf9\x05\x31\x21\xb8\xdb\x63\x9e\x3f\xeb\xe1\x18\x9c\x0c\xee\xee\
\x52\x17\xc7\xca\xfa\xf0\x19\xce\xca\xf5\xb0\x00\x8b\xc4\xc6\x52\
\xb5\xed\x77\x57\x19\x1b\x1f\x77\xb3\x02\x23\x30\xe0\x33\xeb\xb1\
\x40\x6f\x6a\x7a\x5a\xe8\xf9\x27\x07\x47\x7d\xfa\x46\x0a\xfd\x8b\
\x77\xa3\x46\x63\x53\x64\x10\x8f\xd1\x61\x3f\xee\xfc\xab\xdc\xab\
\x4f\xbf\xb8\xf1\xce\x3f\x7c\xe2\x87\xdd\x96\x3d\x5e\xe6\xb6\xee\
\xfb\xa6\xd4\xc1\x95\xf3\xa6\xbf\x69\xc7\xd7\x8e\xab\xbf\x6f\x21\
\xe6\x10\xa1\x54\x9f\x20\x81\xe7\xef\xe3\x3a\xa7\xd4\x47\x02\x18\
\x0e\xbc\x09\x24\x80\x61\x17\x08\xa0\x6e\xda\xb0\x25\xad\xae\x8b\
\x17\x1a\x0a\x1c\xb2\xda\xfd\xaf\x35\x5f\x76\x73\xb3\x33\x94\x7c\
\x63\x5b\xc7\x30\x15\x51\xa9\xb4\x47\x38\x1c\x56\xd7\x69\x63\x8f\
\x95\xcf\x54\xba\xb0\xe7\x68\x67\xec\x33\x72\x67\xa0\xe0\x5b\xf0\
\x0f\x59\x17\x74\xe1\x47\x5c\x1f\xeb\xe1\xbb\x44\x2f\x60\xd4\xf5\
\xc1\xe6\xb5\x1e\x76\xfc\x92\xe7\x11\x8e\xb3\x57\x04\x02\x73\x25\
\xc9\xb4\xc2\x72\xc6\x8b\x49\x5e\xa0\xbe\x12\x73\xc9\x04\x0b\x0b\
\x18\x4c\xb3\x2b\x0a\xa2\x85\x18\x91\x04\xd6\xac\xc3\xc8\xe7\x62\
\x61\xfc\xe6\x4f\xb7\xba\x9d\x8e\x58\xe7\x57\xf4\xd1\x06\xd6\x68\
\x6c\xc2\xe9\x45\xb8\x9f\xfc\x1d\x1c\x9f\x67\xf8\x61\x8a\xec\x63\
\x4d\x77\xfe\x13\xce\x72\x5b\xc9\xf9\x73\x07\x4f\x9d\x50\x7f\xb7\
\x1c\x61\x7f\x1b\xa9\xab\xa7\x6a\x07\x24\x30\x7c\xf2\x47\xe2\x79\
\x59\xe7\xbb\xad\x33\xe1\xde\x70\xc6\x25\x6e\xe0\xdd\xe7\xe4\x7d\
\xde\x24\xe6\x35\x29\x0b\x2d\x39\x7e\xd8\x1a\xf7\xb9\xdb\xee\x71\
\xae\x3b\x19\x67\xb1\x9a\x51\x6a\x61\x51\x50\x5d\xf0\xce\x01\xdf\
\x69\xd9\x5f\x20\x56\x24\xcd\x2b\x59\x45\xdf\x2a\x44\xa9\x34\x57\
\x41\xde\xc5\x6b\x66\x02\x46\x3f\xa8\x99\x09\x08\x2c\xd2\xaf\x82\
\x5f\x14\xe6\x01\xb4\x9c\x65\xd7\x4f\xf2\x22\xa9\xaf\x66\x7c\x25\
\xc7\x56\xa8\x13\x1d\xae\xc7\x57\x10\x4a\xf8\xf1\xf8\x2a\xd4\x69\
\x61\xc4\x85\x8d\x7a\x6a\x22\x10\x4a\xb7\x37\xef\x0e\x3a\xfb\xb3\
\xf4\x7a\x6f\xab\x44\x94\x72\x78\xf9\x7d\x96\xf0\x13\x04\xe0\x9d\
\x7f\x8d\x7b\x2d\xb2\xfd\x85\x19\x7e\x5c\x86\x4f\xfe\x30\x25\xfc\
\xf8\xae\x5b\x4f\x00\xb9\x63\xd7\x27\xfe\xea\x74\xdb\x48\x5e\x87\
\x2d\x3e\x12\x78\x12\x24\x80\x9c\xc0\x29\xf5\x24\xe0\x73\x02\x97\
\x85\x28\xac\xf0\xa6\xa5\x25\x7d\x12\x00\x04\x2f\x0d\xbd\xee\x43\
\x97\xd1\x9b\x81\x93\xe3\xde\x8e\xda\xce\x03\xd0\x63\x69\x08\x6e\
\x5c\xf2\x8d\x55\xd6\xd7\x79\x2a\x08\xec\x5e\xdb\xad\x95\xa7\xaa\
\x26\x02\x55\x09\x44\x2b\x97\x06\x8c\x89\x7d\x63\x92\xdd\x92\x67\
\x02\x2e\x33\x01\xe0\x04\x63\x7d\xc1\x09\xff\x8f\x11\x40\x78\x1b\
\x8c\xcb\xba\x1b\xef\xf6\x8f\xa4\xb4\x61\xd5\x89\x26\x81\x42\x14\
\x10\x25\xcc\xf0\x7b\xcd\x19\x97\x16\xe7\xf6\x73\xe9\x9c\xf8\x57\
\x6e\xcb\x9e\x2f\x4b\x43\x6e\x0e\xc1\xb3\x50\x5c\x3b\xb5\x76\x4e\
\xfd\x5d\x25\x32\x77\xd0\x8e\x30\x4a\xa2\x1d\x5f\xd5\x43\x79\x81\
\x37\xbb\xad\x2f\xd8\xd7\x75\x4e\xfc\x70\x3c\x4f\xeb\xfc\xb7\x75\
\xc6\xdd\x81\x18\x0e\xd0\x12\x6b\x16\x09\x14\x22\x34\xea\xe7\xdc\
\xd1\x4b\xe2\x87\x61\x6b\xdc\xc7\xbf\x74\x9b\x73\xf3\x33\x9e\x08\
\x5a\x12\x00\x2d\xb9\xad\xb0\xf3\x44\xa0\x1d\x42\x00\xc2\x67\xca\
\x04\xa0\x66\xd9\x62\x51\x50\xfc\x27\xf4\x8a\x04\x50\x1a\x02\x0c\
\xca\x35\xce\x1b\xc2\x6b\xd6\xc3\xe6\x8a\x3a\xbc\x46\xc1\x09\xca\
\xe4\x05\xea\xb3\x9e\xf9\xf3\x10\x80\xf4\x1a\x87\x00\xed\x76\x86\
\x09\x27\x2a\x2e\x62\x35\x04\x78\x6e\x6c\xda\xfd\xe6\x89\x17\xb9\
\x5d\x8e\x5a\x9f\x1b\x55\x49\x0c\x87\xd7\x52\x39\x7f\x15\xf6\x1f\
\x70\xfa\x25\xee\xd1\xa6\xb0\xff\xc4\x0f\xb9\x2d\x7b\xed\x93\x3b\
\xe2\xa2\x08\xa0\x2c\xf2\xc9\x41\x4a\x00\xb9\x6e\xb3\x68\xc7\x37\
\xf0\x21\x12\xc0\xd3\x81\xe7\xef\xeb\x3a\x27\x9c\x15\xcf\xd7\xea\
\x87\x27\x3b\x13\xee\x75\x88\x04\xc2\xbb\x03\x55\xdf\x17\x12\x84\
\xd6\x6a\x44\x0d\x02\xbd\xdd\x56\x6e\x74\xbf\xfe\x97\xe7\xbb\x87\
\xb6\x3e\xe5\x26\xc7\xfc\x3a\x7a\xba\x20\x8f\xa4\x87\x00\xb8\xd3\
\xeb\xc2\x73\x55\xd8\x76\x59\xbf\x76\x08\x20\x76\xce\x32\x87\x00\
\x78\xd1\x6e\x70\x30\xfa\x02\xf4\x4a\x43\x80\x54\x6f\xd0\xf4\xad\
\xe2\x10\x60\x72\x72\xb2\x83\x4a\xe0\x28\x98\x10\x04\x81\x83\x00\
\x14\x42\x77\x08\x32\xa4\x93\x53\x53\x34\x59\x06\xc0\x90\x30\xc1\
\x67\xe8\xb1\x0e\x0b\x40\xa2\x2e\xe8\x71\x9d\xf8\x0e\x5b\x25\xc7\
\xfa\x66\x67\xe9\x58\xd2\x9b\x9a\x8a\xc7\x40\x64\x5d\x68\x17\xff\
\xf2\x6f\x68\xd7\xd7\x3b\x15\xea\x49\xdb\x66\x3d\x29\x7c\x2e\x52\
\xa8\x23\xe7\xba\xee\xac\xcf\xdc\x9a\xcc\x4f\xaf\x15\xc3\xd1\x13\
\x09\x7a\xfc\x7c\xdf\xdf\xf9\xfd\xf4\xde\x03\x4e\xbf\xd8\x3d\xfa\
\x5c\xfd\x9d\x7f\xf8\xa4\x0f\xbb\x2d\xfc\x9c\x3f\x38\x69\xe6\x64\
\xcb\xe0\xfc\x90\x56\x04\x20\x9e\x34\xd4\x8b\x76\x7a\x2d\x55\x7d\
\x34\x1c\xd8\xeb\x65\x6e\xe8\xa4\xbf\x8a\xe7\x6d\xf5\xc7\xd6\xc1\
\x51\xf7\xfa\x48\x02\xc1\xf9\x4b\x4f\x08\x1a\x09\x40\xeb\x07\x92\
\xc6\xb5\x39\x78\x95\x3b\xe1\x92\x9b\xe8\x11\x30\xec\x04\x36\x2d\
\x6d\x07\xd3\x71\xa5\x1f\x40\xd8\x6e\xb5\x48\x1d\x12\xa5\x07\xdb\
\xad\xec\x31\xb7\x5b\x38\x64\xd4\x67\x9f\x91\xbe\x20\x7c\x46\xd7\
\xcb\x7e\x22\xf5\x92\xfa\x0c\x8c\xb8\x59\xce\xcc\xcc\x74\x06\xc0\
\x02\x1c\xca\xfb\xbb\x7d\x69\x39\xe3\x7e\xb7\x07\xaf\xee\xf6\x68\
\x5c\x17\x00\x88\x77\xe6\x10\x65\x94\x1e\x03\x32\xbb\x4a\xb1\xd8\
\x15\xc7\x6b\xc6\xb6\x30\xce\xcf\x75\xdd\xbd\x8f\x6e\x75\x2f\x7a\
\xff\xa7\xc4\x9e\x7d\x6d\x9c\x5e\x18\x95\x36\x2c\x35\xc1\x67\x6f\
\x72\x7e\x2c\xe6\x71\x69\x63\xc2\xaf\x43\x77\xfe\x2a\xe1\x47\xce\
\xb8\x6f\xc1\xc9\x32\x12\x28\x91\x81\x72\x40\x25\xb9\xf3\x0b\xfd\
\x70\xc7\x86\xe8\xe3\x72\xd1\x0e\xaf\xf1\x09\x09\x73\x18\x36\xbf\
\x60\x5f\x37\x7c\xa2\x27\x01\xf4\x82\xd5\x2f\x78\x77\xe0\xc0\x0f\
\x85\x19\x83\xe8\xdf\xd2\x13\x02\x71\x57\x37\x49\x40\xeb\xf3\x75\
\x3d\xf6\x5c\x9a\x26\xfc\xc2\xe3\x37\xf9\x9c\xcc\xf6\x85\x6c\x7f\
\x3e\xeb\x4e\x0a\xdf\x90\x36\xc6\x36\x2c\xaf\x27\x0a\xfe\xa6\x90\
\x3c\x46\xbe\xde\x86\xad\x28\x15\xc3\x82\xa1\xc1\xfe\x92\xe9\xac\
\x87\xcc\xbf\x2e\x68\x43\xeb\x01\x8b\x2e\x7d\x6f\x0f\x1e\xc7\x24\
\x35\x63\x17\x00\x8f\x63\x9c\x30\x26\x61\x02\x90\x7a\x18\xaf\x47\
\xbd\x50\x5f\x71\x22\x90\x18\x5f\xb1\x68\x8c\x10\x1c\xcf\x17\xa4\
\x0e\x23\x18\xff\xe4\xcb\xfe\x8d\x92\x72\x98\x90\xe3\x09\xc0\x30\
\x16\x6d\x4c\xa5\xbb\x4a\x10\x9d\xed\xdf\xff\x34\xdc\xf9\xeb\x9d\
\x7f\xf8\x83\x67\xb9\xcd\x9c\xed\xe7\xc7\x77\x31\xd4\x6f\xe3\x64\
\x86\xa3\x25\xc7\xe8\xef\xf5\xef\x5a\xea\x08\x40\xd7\xa9\x8f\xb5\
\x24\xad\xc3\x4f\x45\x46\x24\xb0\x8f\x1b\xfe\xe0\x87\x7c\xdf\x14\
\xfa\x07\xf3\x04\x5e\x8f\x45\x45\xde\x13\x9e\x0e\x58\x51\x40\x42\
\xcc\x39\x09\x24\x84\x90\x1c\xe3\x8f\x03\xc1\x9c\x7c\xd5\xad\xfe\
\x5a\xa8\xf1\x7e\x29\x4f\xc5\x36\xc6\x62\xe5\xa9\xac\x09\x6c\xd0\
\xb5\xf2\x54\x6d\x73\x69\x20\x00\xe9\x83\xd0\xe3\xa1\x8b\xd4\x23\
\xdf\x6a\x3b\x11\x68\x87\x10\x00\x6f\x69\xd4\x86\x00\xc4\xc9\x2c\
\x3f\x01\xd8\xb3\x15\x9f\x1c\x1c\x75\xbf\x76\xc2\x05\x6e\xb7\x63\
\xfc\xdd\xdf\x34\x92\x22\x01\xd4\xdf\xfd\xf9\x7d\xfe\x03\x4e\xbf\
\xd4\x3d\xf2\x6c\x83\xf3\xe3\x39\xff\x9e\x2f\x4b\xef\xc6\x16\x01\
\x24\x77\x7d\xdb\xb1\xfa\x17\x5d\x5f\x9b\xba\xb5\x5e\x1b\xd1\x75\
\x04\x01\xd9\xed\xf5\x32\x37\xdc\x30\x1c\xc0\x0b\x44\xaf\x3b\xa3\
\xe6\x05\xa2\x02\x01\x14\x23\x02\xbe\x76\xe1\x38\x44\x80\xbf\xfc\
\xfe\x4f\xb9\x07\x9f\x7c\xce\xcd\x4c\x8e\x7b\xbb\xd9\x91\x04\x30\
\xd7\x8e\x00\xe0\xec\x5a\x2f\x25\x80\xf2\xf6\x75\x96\x6f\x15\x09\
\x00\x43\x80\x36\xdb\x83\xd3\x10\x40\x26\x1b\x06\xed\xf0\x1a\xb3\
\xec\x74\xf2\xa2\x34\x04\xd0\x21\x57\xd3\x10\x80\xeb\x84\x58\x18\
\xe5\x10\x80\xdb\xb6\x30\xfe\xe3\x57\x7f\x44\x53\x7e\x69\x03\x4a\
\xd3\x48\x52\x49\x8d\x49\x3b\xbf\x37\xc8\x38\xbd\xf7\xb0\xf0\xa8\
\xaf\x21\xdb\x8f\x47\x7d\x5b\xf6\xda\xd7\x6d\xdd\x57\x4d\xe5\xcd\
\x92\x7d\x06\x01\xc8\xdf\x16\x25\xda\x49\xb5\xd4\xe8\x6a\x2c\x8d\
\xa2\xdb\x16\xb2\x2f\xe6\x09\xec\xeb\x46\x1a\xe6\x09\xe0\x05\xa2\
\xf8\x16\x61\xd6\xff\x39\x09\xe4\xd7\x4c\x09\xa2\x3d\x71\x0c\x26\
\x66\x9d\x79\xf5\x2d\xb4\xf1\x28\xec\x06\xf6\x83\x84\x36\x26\x01\
\xe9\xd2\xf7\x10\x40\x39\xf6\xbc\x31\x04\xc0\x64\x1f\xb4\x17\x7d\
\x61\x70\x30\x12\x80\x2c\x34\x04\x10\xbe\x55\x9c\xad\x48\x24\x95\
\x26\xc8\x8b\x43\x80\xa9\xa9\xa9\x0e\xcf\x3c\x62\x81\x13\xe3\x4e\
\x2e\x45\xfe\x8e\x99\x74\xfe\x5f\xaf\xe7\x13\x0b\x86\x9e\xac\x93\
\xeb\x0a\x7a\x68\x43\xeb\x24\x7a\x24\x3e\xe9\xa2\x75\x72\xbd\xa6\
\xb6\x7d\xe2\x63\xbe\xd7\x75\x9d\xb1\x09\xf7\x8a\x33\xae\x70\x3b\
\x87\xa5\xab\x8b\x46\x62\xdc\x49\xc8\xf8\x12\x03\xf4\x77\xa4\xe8\
\xfc\x87\xae\x76\xaf\xae\x59\xc9\x87\x0b\xee\x7a\x31\xec\x4f\x12\
\x7e\x86\xf3\x5b\x4e\xd8\xc6\xb9\x6a\x45\xd7\xd3\x87\x24\xf8\xa4\
\x58\x75\xe7\xed\x66\xc9\x46\xfc\xfd\xfc\x7d\xdd\x68\x03\x09\xd0\
\x3c\x01\xbc\x40\x44\x91\x40\x15\x71\x71\x44\x56\x77\x1d\x73\x91\
\xe4\xb1\xc9\xed\x72\xd4\x06\xb7\xcf\xc9\x17\xb9\xe7\x86\xc7\x28\
\xa1\x26\x6d\x53\xdb\x58\xc9\xce\xda\xe8\x98\x7a\x10\x91\x0c\xcf\
\x74\xe1\x2f\x05\xdf\x9a\x9e\xc6\xbf\x39\xbe\xa8\x8b\xdf\xc9\x47\
\xab\xfa\xe0\x07\xa8\x0f\x51\xc2\xf4\xd4\x74\xe9\x31\xe0\x70\xc6\
\x48\x56\xf2\xc2\x3f\x4a\xf0\x7a\x60\x9b\xda\xc7\x80\xa1\x3e\xbe\
\x33\x97\x12\x2c\x92\x59\x4b\xec\x8a\x92\xcc\x04\x04\xbb\x16\x1e\
\x03\x52\x78\x45\x7b\xf9\xf9\xd5\x7d\x2f\xf8\xb7\xbb\xdc\xc0\x61\
\x6b\x0d\xa3\xa8\x73\x7c\xdb\xf9\x39\x24\xad\x56\xef\xbd\xd4\x3d\
\x36\x58\x1f\xf6\x8f\x9e\x7a\xb6\xdb\xba\xe7\xcb\xdc\x96\x30\xbd\
\xd7\x8b\x76\x1c\xed\x40\xfa\x7b\x4b\xa7\x46\xc4\xcb\x43\xcd\xf5\
\x35\x48\x46\x00\x69\xbd\x31\x97\x91\x1c\x27\x7e\x4f\x92\x8e\x78\
\x32\x70\x90\x7b\x12\xf5\xed\xb5\x8f\x1b\x39\xa9\x7e\x9e\xc0\x13\
\x43\xe3\xee\x0d\x3c\x1c\x08\xd7\xa2\x7a\xea\xa2\xaf\x57\x03\x21\
\x24\x39\x1f\x9f\x0b\xb8\xe8\xd6\x6a\x73\x11\x14\x38\x49\x16\xa5\
\x9a\x77\xd2\xea\x31\x20\x09\x12\x7a\x43\x43\x66\x94\x8a\xc7\x80\
\x32\x82\x80\xcf\x58\x51\x2a\xa2\x66\x3c\x8a\xe7\x08\xa2\xed\x4c\
\x40\x7c\xb6\x7c\x4b\x3e\x06\x44\x9d\x14\xf5\xd7\xcd\x04\x94\x95\
\x62\x2c\xbd\x94\xe4\x05\x4e\x10\x8d\xca\x31\x49\x69\x7c\xc5\x75\
\xf1\x58\xcc\x1a\x5f\x41\x92\x89\x40\x14\x6a\xd9\x18\xe9\x45\xa7\
\xf0\xc6\x56\x77\x6a\xc2\xbd\xe3\x1f\xbf\x48\x8b\x46\x66\x06\x51\
\x4b\x00\xd5\xa3\x3d\x79\xe7\xf7\xce\xbf\xd1\xcf\xed\x6f\xb1\x98\
\xc7\xe8\xe9\x67\xbb\x27\x9e\xff\xf2\x24\xdb\xcf\xe3\xfe\x7c\xee\
\x7e\xea\x38\xf5\xa2\xf5\x84\xe3\x2f\x95\x00\x34\x2e\x33\x42\x11\
\xf5\x66\x2f\x21\xe5\x22\xc9\x81\x08\x20\x90\x00\xd6\x3a\x18\x3e\
\xf5\xec\xd8\x5f\x56\x3f\xfa\x95\x85\x42\x24\xc0\x24\x50\x43\x00\
\xf5\x24\x50\x11\x3a\x86\x6e\xbf\xf7\xf1\x6b\x92\xeb\x85\xc8\x58\
\xdb\x77\x29\x4f\xc5\x63\x7c\x29\x56\x9e\x8a\x5e\x58\x53\x75\x5a\
\x79\x2a\x10\x00\x7e\x23\x9f\x69\x9c\x08\xa4\x66\x02\x86\xa5\xc2\
\xa5\x9e\x9c\x08\x84\x3a\x29\xef\x57\x37\x13\x50\x83\xb4\x9c\xab\
\x5f\x02\x90\x7a\x4d\x04\x10\xc1\xb6\x21\x80\xb0\xb7\xa0\x85\x11\
\x1d\x09\x3d\x6c\xe1\x7d\xfb\x7d\x8f\xbb\xdd\x8e\xd9\xe4\xf6\x08\
\xa1\x9f\x25\xda\x78\x12\x02\xe0\xb0\x53\x84\xfe\x78\xa5\xf7\x80\
\xd3\x2e\x6e\x7c\xd4\x37\x72\xb2\x7f\xab\x8f\x1c\x00\x33\xe3\x24\
\x01\xa8\xbb\x62\x3b\xc9\x1d\x2b\xd7\x29\x89\x3e\xae\x1f\x91\xc7\
\x07\xe7\x5d\x52\xdd\xb2\x0e\xcc\x18\x7c\x79\x63\x62\xd0\xbf\x45\
\x08\x12\xf0\xaf\x12\x2f\x3e\x0a\xa8\x08\x00\xaf\x80\xef\xb2\x62\
\xad\xfb\xc1\x23\xdb\x62\xdb\xa5\xbb\x6b\x8a\x29\xec\x0e\x2c\x09\
\xa0\x61\x7b\x70\x5d\x67\x23\x01\x04\xbd\x22\x01\x90\xde\x22\x09\
\xc0\x1e\x02\xe4\xdb\x83\x5b\xe1\x35\xc2\x08\xad\x57\x1c\x02\x28\
\x3d\x9e\xaf\x2c\xcb\xe2\x86\x00\xd5\xb0\xc2\xc4\x18\x3a\x12\x8b\
\x7c\x9e\x7e\xd5\xb7\xaa\x69\xa6\x46\xe2\xc8\x26\x00\x31\xb1\x47\
\x10\x00\x39\xff\xc1\xde\xf9\x9b\x1e\xf5\x8d\x9c\xf2\x11\x0a\xfb\
\x73\x07\xb2\x44\x3b\x6b\x93\x2c\xe6\x58\xdd\x66\x5b\xd1\xf5\x58\
\x04\x50\x6a\xa3\xe1\x7b\x7e\xf4\x88\x9c\x08\x12\x83\x8d\xf3\x04\
\x26\x92\xc9\x42\x4b\x25\x00\x8a\x02\xde\x73\x8e\x3b\xed\xea\x6f\
\xc7\xeb\x46\x43\x00\x3d\x13\xd0\x48\x54\xe3\x06\xc5\x49\x39\xd2\
\xc5\xbf\x85\x21\x80\x35\x57\x05\x4e\xac\x0b\xec\x16\xbf\x71\xc2\
\x0f\x9f\xad\x21\x00\x30\xf2\x8c\xd8\xba\xe1\xb5\x1c\x02\x40\xe2\
\x10\x60\x76\x76\xb6\x83\x8d\x36\xf1\xba\x20\x1c\x15\x82\xc6\x71\
\x77\x97\xc2\xb3\x8c\x20\xdd\xa0\x0b\x40\x5a\x0f\xdf\x55\x7a\xfe\
\x75\x44\x90\x82\xd6\x43\x1b\xac\x83\x1d\x78\xf0\x19\x6d\x64\x7a\
\x13\x95\x1e\x8b\xc4\x28\x5f\xe9\x94\x18\x59\x28\xf9\x81\x35\x00\
\xc7\xc6\xdd\x6b\xce\xba\xdc\x3d\xef\x48\xf5\xbe\xff\x22\x08\x00\
\x9f\x71\xe7\x7f\xd5\x29\x17\x36\x3e\xea\xa3\xb0\x1f\x2f\xf6\xc0\
\xd8\x63\x18\xae\x9d\x40\x8b\x76\xa6\x3a\xa9\x3f\x26\x9d\x51\x68\
\x1d\xd7\x8f\xa4\x75\xc4\xf0\xbd\x91\x04\xf4\xf7\xba\xfd\x50\x1f\
\x91\xc0\x5b\xc2\xb4\x61\x0c\x07\xfc\xab\xc4\x65\x12\x18\x77\xaf\
\x0f\xc3\x01\x3f\x9f\xc3\x26\x02\x7d\x7d\x4b\x04\xb0\xcb\x51\xeb\
\xdc\xfe\xa7\x5f\xec\x86\x27\xa6\xe8\x9d\x7a\xcc\xe6\xcb\xec\x51\
\xd8\xad\x17\xdb\x6e\xd9\x1e\xbd\x7d\xd7\xf8\x56\x78\xcd\xd7\xb2\
\x5b\xec\xfb\x07\xfb\x66\x1b\xb7\xf4\xd8\xb7\xe0\xd0\x10\x89\x51\
\x8a\xc6\x48\x58\x26\x26\xb0\x20\xc8\x10\x2d\x08\x22\xd9\xc1\x62\
\x2e\x0a\x5d\x92\x05\x13\xca\x0b\x82\x44\xe6\x0a\x8b\x16\x58\x8f\
\x01\x69\x0e\x73\x64\x2e\x9f\xe4\xb0\xd8\x15\x17\xdb\x3f\xd3\x4f\
\x1f\x03\x96\x66\x2b\xc6\x79\xd6\x2a\xbc\xfa\xd6\x7d\x4f\xd0\x9e\
\x7e\xc9\x12\xdf\x09\x09\x54\x64\x50\xe7\xfc\x7e\x25\x1f\xff\x3e\
\xff\xa3\x0d\xce\x3f\x7c\x0a\xc2\x7e\xff\x9c\xbf\xff\x31\xb8\x76\
\x98\x16\x92\x8d\xf5\xa5\x58\xf5\xea\x36\x4b\x92\xd6\xa5\x1d\x5f\
\x8b\xd6\xef\x47\x3c\x01\xbc\xc5\xd7\xf3\x82\x97\x37\x3e\x1d\xf0\
\x33\x06\x2f\x0f\x53\xba\x53\x92\xb6\x08\xa0\x2c\x3e\xc9\x3b\x70\
\xc4\x1a\xf7\x85\xef\xdd\xe3\x7a\x53\xe3\x4b\x8a\x52\xc9\x6e\xc3\
\x9a\x80\xf2\x6e\x6f\x45\xa9\xfc\x88\x3d\xea\x0d\xda\x91\xb4\x35\
\x13\xd0\xba\xdb\xa3\x0d\x4a\xe2\x07\x5d\xe8\xc1\x87\x74\x49\xd6\
\x04\x8c\xe3\x17\x63\xec\x82\x42\x4b\x82\xa9\x64\x03\x3b\x97\xd4\
\x03\x70\x1a\x93\x84\x65\x8f\xf1\xd9\x9a\x08\x84\xc5\x11\x74\x7d\
\xf9\xf8\xaa\xbf\x89\x40\x78\x0b\xaa\x6a\xdb\xd7\x09\x86\x46\x39\
\xe5\xaa\x5b\xeb\xdf\xfa\xe3\x2c\xbf\xe5\xfc\xc2\xb0\x76\x39\x72\
\x1d\xad\xe4\xd3\x14\xf6\x0f\x9f\xfc\x57\x6e\xcb\x1e\x2f\x15\x8b\
\x79\xc0\xc0\x4b\x8e\xa5\xbf\xcf\x9d\xce\x96\x54\xd7\x9e\xbd\xa7\
\x75\x4b\x58\x4a\xa2\xeb\xa9\x44\x3b\xbe\x26\x01\xfd\x77\x59\xf2\
\x73\xf0\xc3\x81\x37\xbb\x27\x5e\xb0\x8f\x1b\x6d\x88\x04\x68\x8d\
\xc1\x33\x2f\x77\xcf\x3b\x62\x2d\x5d\x4b\x4d\x00\x6d\x49\x00\x7a\
\x98\x1d\x7a\xec\xa7\xbf\xe6\x16\x66\x70\x17\xcf\x27\xd9\xc0\xb9\
\x38\x41\x1d\xc7\xd4\x46\x9e\x2a\x4e\x04\x6a\x91\x4b\x43\xb4\x90\
\xdc\x5c\x0b\xb9\x34\x10\x00\x13\x0e\xeb\x59\xb9\x34\x1a\x16\x84\
\x79\x00\xac\x07\x1f\xd2\xfd\x16\x36\x07\x6d\x37\x13\x70\x71\x04\
\xe0\xb3\x97\x16\x01\x24\x53\x81\x5b\x13\x80\x4f\xf8\x41\x34\x46\
\x48\xb2\x26\x60\xa8\x73\x7e\xae\xe7\x7a\xf3\x0b\xee\xf5\x1f\xb9\
\xaa\xbc\xdc\x97\x90\xcc\xf1\x85\xec\x75\xf4\x46\xb7\xc7\xca\xf5\
\xee\x8e\x47\x9e\xca\xda\xe6\xf3\x42\x19\x39\xed\x6c\x3f\xc3\x4f\
\x3f\x0e\x2b\x3e\x3e\xeb\x57\x72\x27\x25\x47\x13\xe3\xe8\xfc\x98\
\x54\x2a\x1d\x5d\x57\x5d\x96\xdf\x16\xed\xfc\x99\x04\x4c\x65\x5c\
\x69\x5b\xe9\xb9\xf8\xa7\x03\x9d\x93\xfd\xb4\xe1\x52\xbf\xff\xf8\
\xb1\xa7\xdd\x9e\x2b\xd7\xbb\x3d\xb0\x94\xfb\x22\x09\x00\xb2\xf3\
\x51\x1b\xdc\xfe\xa7\x5f\xe2\x9e\x79\xf6\x39\x37\x33\x95\xdb\x6d\
\xdb\x44\xb5\x4d\x00\x76\xa2\x9a\xb6\x07\xdf\xe1\x04\x50\x98\x09\
\x88\x44\x40\x9b\x99\x80\x91\xa5\x42\x08\x8e\x06\x4a\x43\x80\x2a\
\x0c\xaf\x79\x19\xa8\x97\x4e\xa9\x24\x90\x85\x21\x00\xe9\xa8\x21\
\x80\x85\x31\x59\x6d\x25\xd4\x89\xfb\xc6\x5d\x9b\x9f\xa3\x35\xfe\
\xf7\xc4\xd4\x5f\xc3\xe9\xe3\xdd\x3f\x7c\xd6\x8e\xcf\xc6\xb4\xeb\
\x51\xeb\xdd\x7e\xa7\x5c\xe4\x26\x67\xd3\x8b\xc8\x1d\x8a\x82\x75\
\xfb\x91\xc9\x6e\xe3\xfc\xd2\x49\x72\xa7\xa8\x13\xed\xb4\xda\x69\
\xb4\x7e\x9d\x28\x8c\xea\x31\x5f\x1b\x7c\x99\xc3\x4b\x91\x77\x74\
\x21\xba\x0e\x4b\x2a\x7d\xac\x31\x88\x57\x89\xcf\x44\xa7\x9b\x7d\
\x3f\x3b\x37\xef\x5e\x75\xda\xa5\x6e\xe7\x90\xe3\x91\x04\xa0\x9d\
\x3c\x97\x2a\xfa\xdb\xeb\x58\x2c\x18\xb2\xce\xdd\x78\xe7\x03\x6e\
\x7b\x2f\x9f\x8d\x47\x43\x00\x35\x13\x10\x04\x20\x6d\x00\x05\x7f\
\xeb\x64\x3a\x8e\xb3\x86\x00\x20\x00\x3d\xdf\xa0\x38\x13\x30\xd8\
\x37\xeb\x59\x33\x01\xfb\x7a\x19\x68\x7c\x6c\xac\x83\x8a\x71\xf7\
\xc4\x1d\x18\x82\xf1\x39\x58\x44\x0a\xf2\x04\xf8\x0d\x7a\x2c\x38\
\x4e\xeb\x81\x00\x48\x8f\xd7\x1f\x1b\x1b\x23\x02\xd0\x7a\x20\x8f\
\xa8\x23\xd6\x5b\xd3\x7a\x10\xff\x7b\x68\x37\x7c\xc6\xf1\x5a\x0f\
\xc7\xfb\xb6\xab\xf6\x41\x00\x9f\xb8\x0e\x53\x7f\xb1\x55\x35\x67\
\xf1\x0d\xe7\x97\x93\x7c\x94\xe3\xb3\x78\x02\xb8\xd0\x8d\x4e\xa5\
\x91\x0f\x49\xb7\xeb\x46\x4e\xfb\x6b\xb1\x92\x8f\x34\xe6\x82\xc3\
\x1a\x92\x1e\x23\x9c\xc1\x70\x90\x3a\x42\xc9\xeb\x2b\x49\xc9\xf9\
\x73\x9c\xf9\xb1\x79\x7b\x89\x44\x07\xf6\x89\xbd\xea\xf3\x5b\x6a\
\x72\x15\x42\x98\x2c\x5e\xe1\xff\xa5\x35\x06\x4f\x38\xcb\x6d\x0f\
\x5b\xbe\x4b\x02\x98\x9a\xed\xb9\xfd\x4f\xbf\x8c\x56\xfb\xa9\xae\
\xab\x76\xf4\x20\xda\x06\x94\x60\xa8\x78\xf6\xe7\xf0\x82\xd0\x7c\
\x66\x63\xb0\x3b\xf6\x13\xf6\x03\x24\xeb\xb4\xcf\xe0\x6f\xd8\x9f\
\xd4\xc3\x67\x5e\xb7\x52\x0a\x6e\xc0\xbc\x89\x07\x0b\xfc\x48\xeb\
\x45\xdf\x0a\x36\x8e\xcf\x96\x6f\xc1\x2f\x75\xbb\x20\x19\xa9\x03\
\x22\xc3\x7a\xa0\x03\x0b\xe1\x31\xa0\xec\x50\xcd\x5c\xf8\x8c\x83\
\xa4\x1e\x0a\x1c\x4e\xcf\xf0\x33\x43\x97\xd9\xd9\x90\x94\x10\xc9\
\x8b\xf1\x7c\xd9\x22\x1f\x5e\x85\xa8\x00\x89\xc1\x70\x27\xf7\x77\
\x7b\xe1\x6c\x7d\x60\x5c\xe8\x4e\xbb\x3f\xf9\x97\x6b\xe3\x92\x5f\
\x3c\x3e\x34\x49\x40\x7c\x57\x4f\x00\xf9\x8b\x1a\xbd\xc7\xb6\xb8\
\x27\x7e\xfd\x75\x6e\xeb\x4b\xde\xa8\x9e\xe9\x0b\x07\x6b\x70\xd6\
\xca\xc9\x72\xc2\x90\xc7\x65\x8e\x62\x48\x5e\x67\x9d\xe4\x04\x80\
\xd0\x9b\xc6\xe0\x41\xac\xba\x34\x76\x53\x84\xd3\xeb\xcf\xf5\x24\
\x10\xce\x3b\xe8\xd1\xb1\xfb\xbe\xc9\x6d\xf9\xd5\xfd\x5d\xf7\x67\
\xf7\x65\xfd\xef\x09\xe0\xd2\xea\x29\x8f\x76\xfa\x16\x8e\xcf\x82\
\x49\x41\x7f\x7c\xce\x57\x28\xda\xe0\xbb\xad\xbc\x93\xea\xd5\x76\
\xe4\x63\x40\xe8\xb0\x58\xc3\x54\xeb\x31\xa0\x35\x94\xe6\xc7\x80\
\x52\x0f\x43\x75\xad\xc7\xc9\xf4\x4a\x6f\x30\x44\xd2\x29\xc6\x18\
\xb9\x04\xdd\x50\xff\x32\x4c\x04\x6a\x31\x76\x99\x9d\xf1\xdb\x83\
\xfb\xf0\xbd\x3c\x76\x69\x3b\xbe\xaa\x30\x8a\x25\xc0\x0b\x18\xb7\
\x3d\x3b\xe4\x5e\x7a\xe2\xf9\x6e\x97\x95\x1b\xbc\x63\x5b\x04\x60\
\x88\x76\x7e\x08\xe6\x8c\xbf\xe2\xd4\x8b\xdc\x98\x8a\x00\x50\xba\
\x8f\x6d\x71\x5b\x5f\xfe\x56\xf7\xc4\x4b\xdf\x98\x3b\xb0\x0a\xab\
\x4b\xce\x53\x72\x46\xed\x1c\xf9\x31\xf6\x6f\x25\x9d\x54\x52\x8c\
\x98\x91\xc7\xce\x4f\x04\xc0\xdf\x17\x08\xa1\x51\xb2\xf0\x5f\x11\
\x40\x91\x04\x14\x01\x20\x0a\xc0\xb0\x6a\x9f\x37\xb6\x24\x00\x45\
\x02\xd6\xeb\xde\x4a\xf0\x84\x08\x82\x15\xa2\x7e\xeb\xa4\x0b\xdd\
\xb6\xce\x98\x9b\x1c\x1f\xcd\x86\xa9\xd2\x0e\x51\xe6\xe7\x17\xe2\
\x93\x2a\x76\x44\x88\x45\x00\xb8\x1b\x6b\xdf\xb2\x08\xc0\xef\x0d\
\x98\xea\x95\x26\x02\x69\x3d\xb4\x91\x63\x0c\x7b\x03\x06\xdd\x30\
\x3f\x66\x19\x08\x40\xe9\x59\x04\x30\x23\x09\xa0\x26\x79\xd1\x3f\
\x01\xf8\x3c\x83\x67\x5f\x1b\xe3\x2d\xf7\x3c\x46\x5b\x43\xf1\xe3\
\xbf\xa5\x13\xc0\xc5\xcd\x04\x90\x84\xd1\x65\x87\xb6\x9d\xd4\xd2\
\x4f\x49\x20\x73\xb2\x06\x49\x1c\xbd\x41\xa4\xf3\x13\x19\x28\x52\
\x48\x75\x74\x1b\xa9\xc4\xdf\x17\x45\x00\x41\x22\x01\xe0\xd1\x20\
\xfa\xe4\xc0\x02\x01\xcc\x85\x21\xc0\x52\x08\x60\xa3\x27\x81\x63\
\xce\x75\x3b\x1d\xb1\xd6\xdd\x70\xd7\xc3\x6e\x7e\xda\x4f\x25\x67\
\xbb\xb5\x09\x20\xcc\xb2\x0b\x0e\x56\x4b\x00\x86\x6f\x2d\x95\x00\
\xd8\xaf\x58\x0f\x6f\x31\xe2\xd7\x0c\x23\xfb\x4b\xd3\x9a\x80\xc8\
\xba\xeb\xf0\x83\x9d\x4b\x16\x1a\x02\x04\x3d\x1e\x02\xe0\xed\x24\
\x5d\x40\x00\xfc\xd2\x10\xd7\x67\x3f\x63\xf5\x89\x41\x29\x00\xcb\
\x27\x21\x0b\xe6\xf6\x47\x8c\x43\xfe\xd9\xa9\x85\x71\xcd\xf5\x3f\
\xf6\x2b\xcd\x26\xce\xdd\x60\x0c\x61\x48\x90\x11\xc0\xca\x0d\xee\
\x95\xa7\xd5\x10\xc0\x7e\x4b\x25\x00\xe3\x98\xc4\x41\x73\x07\xb3\
\xea\xf2\xa2\x8f\xd1\x75\xd9\xa2\x9d\x3f\x46\x00\x06\x19\x48\x12\
\xd0\xd8\x34\xce\x3c\x12\xf0\x62\x12\x00\x7f\x27\x48\x02\x04\xb0\
\x0d\x18\xf7\x29\x10\x40\x77\xce\x1d\x70\xfa\x65\x6e\xa7\x64\xa2\
\x17\xbf\xfa\xdb\xdf\x10\x00\x82\x59\x9e\xff\xf2\x95\xdb\xe9\x05\
\xb2\xca\x6e\x39\xbc\x4e\x4b\x9c\x65\x17\x42\x6c\x1e\x02\x94\x12\
\xd5\x89\x2f\x14\x5e\xab\x87\xb3\x6b\x1f\xb4\x66\x02\x52\x04\x80\
\xa1\x89\xd0\x43\x04\xa0\x8b\xc7\x88\xfa\x3c\x49\xc4\x21\xc0\xdc\
\xdc\x5c\x07\x9d\x28\x77\x2c\x05\x48\xdc\x79\x71\xb2\xf4\x28\x63\
\x64\x84\x66\x33\x81\x45\xa4\xa0\x12\xd6\xe3\x63\x00\x12\xbf\x51\
\x7d\xf3\x73\xf4\x19\xaf\x0a\xe3\xb1\xa0\xac\x0f\x11\x80\xae\x0f\
\x27\x03\xf2\x61\x3d\xae\x17\xb3\xb2\x18\x1b\x0b\x92\x20\xbe\x6d\
\x2f\x84\x71\xd6\x63\xe4\x76\x31\x86\x5b\x79\xfe\x37\x68\x92\x88\
\xbc\xb8\x09\x01\xe8\xf1\xbf\x4c\x0a\x4a\x02\x38\x5e\x10\xc0\x74\
\x89\x00\xde\xe6\xb6\x2e\x17\x01\xd4\x8a\xe1\x34\x59\x7d\xfa\x98\
\x76\x22\x09\x40\xe2\x4e\x08\xa0\x40\x02\x75\x44\xa0\x1d\x5f\x4b\
\xc4\x2f\x89\x41\x13\x00\xb0\x60\x08\xf0\x53\x8b\x00\x7a\x81\x00\
\xe4\x02\xaf\x8a\x00\x48\x72\x67\xb7\x04\x6f\x77\x1e\xba\xf1\xab\
\x6e\x7b\x77\x26\xd8\xa2\xb7\x31\xdc\xb8\xa4\x1d\xc2\xce\x70\xe3\
\x61\xbb\xa6\x47\xd6\x41\x38\xd9\x96\xd8\xed\x18\xec\x36\xf8\x02\
\xe9\x0d\xfb\x57\xd5\x83\x1e\x6e\x82\xf8\x0c\x3f\x4a\x7d\xd0\xdf\
\xb5\xb5\xcf\xc0\xe6\x51\x0f\xfc\x44\xfa\x16\x76\x3c\xa6\x36\x43\
\x7d\x84\x51\xd4\x87\x48\x7d\x64\x64\x84\xb7\x06\x13\xf3\x00\x3a\
\x7e\x03\x43\xdf\xb9\x08\xbd\x7d\xf8\x8d\x4a\xc1\x1c\xfc\x3c\x1e\
\x4c\x82\xc6\xf1\x9b\x0f\xd1\xbd\x1e\x80\xf3\x9d\x9b\x43\x12\x4c\
\xe7\xad\xea\x13\xa1\x8b\x78\x5e\x0f\x3d\x6b\xc9\xe5\xe4\x45\x0b\
\xbc\x64\x11\x98\x0e\x18\xe1\xe0\x72\x78\x80\xce\xe5\xd5\x88\x50\
\xd7\xc4\xf8\x98\xfb\x9d\x8f\x7d\xd6\x0d\xa8\xe7\xff\x44\x00\xfc\
\x44\x80\xef\xf4\xd1\xf9\x83\x91\x04\x83\x49\x09\x60\xa3\x7b\xd5\
\xe9\x97\xb8\xf1\x1a\x02\x30\x23\x80\x4c\xd4\x5d\xb1\x6f\x02\xf0\
\x75\xd4\x8b\xd6\x6f\x12\x23\x7a\x28\x11\x40\xc1\xf9\x9b\x09\x40\
\x3e\x0d\x50\x92\x90\x84\x1a\x22\x10\x01\x1c\x54\x11\x40\x29\x02\
\x38\x03\x53\xbd\x15\x01\x24\xce\xaf\x88\xa0\x40\x06\xb0\x05\x0c\
\x01\xfe\x9f\xbf\xb9\x9a\x36\xfd\xe0\xb6\x50\x60\x77\xd1\x57\x42\
\xd8\x0f\x9f\xd0\xc3\x54\x9e\x07\x00\x3f\x89\x76\xcb\x91\x34\xf6\
\xb2\x0d\xfa\x28\xe4\x5b\x34\x44\xb6\x86\xd2\x0b\xb1\x6e\xac\x6b\
\xa1\x7d\x0b\xc7\xfa\x36\x17\x62\x9d\x68\x43\xeb\x01\x0b\xce\x45\
\xf6\x99\xd8\x1b\xb0\x79\x22\x50\x4a\x00\x5e\xcf\x1a\xbb\xd0\x3c\
\x00\x4d\x00\x46\xf6\x12\x20\xb9\xf3\xea\x09\x40\xbc\x6a\x19\x86\
\x1a\x10\x30\x9c\xac\x13\xb5\x22\x2a\xa0\x3a\x47\x46\x68\xc3\x87\
\xc7\x9f\x7c\xc6\xbd\xe4\x83\x17\xd2\x9d\xbb\x9a\x1d\x96\x87\xf6\
\x25\xc9\x09\x00\x11\xc0\x25\xe5\x08\x40\x24\x01\x53\xc7\x28\x38\
\x5b\x1d\x01\xb4\x20\x91\x7a\x51\x75\x65\x51\x48\x5a\x57\xea\xc4\
\xe9\x71\xa9\xc3\x6b\x11\xe7\x92\x61\x08\xa2\x9d\x3d\x71\x74\x4d\
\x0a\xfc\x5d\x4a\x02\xf4\xdb\xbe\x6f\x72\x4f\xbc\xac\x9e\x00\xaa\
\x08\x40\x3b\x7c\x49\x04\x11\x08\xdb\xd8\xfd\xe8\x0d\xee\xa5\x27\
\x5d\xe0\x9e\x1b\xab\xc6\xdd\x28\x44\x00\xc1\x51\x2b\x02\xc8\xf3\
\x54\x15\x01\xf8\xc4\x77\x42\x00\x0a\xbb\x4f\xa6\xb7\xc9\xa5\xd9\
\x04\xa0\xf5\x4a\x04\x20\xf1\xa1\xf4\x4d\x00\xec\xb0\xcb\x45\x00\
\x5a\x4f\x67\x2f\x21\x09\x01\x50\xc2\xcf\xc6\xe8\x09\x00\xb3\x15\
\x3d\x01\xe0\xdd\xff\xef\xdd\xfb\x98\xdb\xfd\x98\x73\x69\x3b\x28\
\xed\xdc\x7d\x4b\x1f\x04\x60\xdd\x19\x2b\xe7\xf2\x62\x7d\xa7\x1d\
\x2f\x75\x56\xc3\xb1\x4c\x61\x5d\xa3\xae\xac\x4e\x2f\x39\xc6\xea\
\xd8\xfc\x5c\x5a\x12\x80\x76\xde\xc4\xc1\x6d\x67\xd7\xdf\x65\x75\
\x60\x5a\xf5\xcb\xde\x50\x20\x80\x5e\x4a\x00\x99\xa3\xe7\x82\xeb\
\xca\x24\xa0\x6f\x0e\xa8\x63\x8f\x63\x36\xb8\x3b\x1f\x7f\x26\xb6\
\x85\x92\x47\x00\x76\xa2\x3a\x21\x80\xa0\x87\xcf\x45\x02\x50\xbe\
\xf0\x8b\x47\x00\xe1\xf1\x45\x13\x01\xd0\x10\x40\x3d\x1a\xb4\x08\
\x20\xbe\x0c\x54\x43\x00\x1c\xe2\xfb\x0e\xac\x4e\xc8\xc2\x88\xff\
\x28\x02\x20\x02\x18\x76\xdb\x67\x26\xdd\xe7\x6f\xfb\xa9\x1b\x38\
\x1c\xab\xff\x2c\x17\x01\x6c\x74\xaf\x3c\xbd\x40\x00\x8f\xa7\x43\
\x80\xdc\x71\xca\xb2\x34\x02\xc8\x1d\xba\x58\x97\xe1\xfc\xac\x9f\
\x63\xf1\x75\x68\xac\x5e\x0c\x02\x30\x8e\xb7\x9c\xda\x92\x27\xa2\
\xe4\x63\xff\x8c\x00\x30\x04\xb8\xf7\xfe\xac\xff\x29\x02\x38\xf3\
\x0a\xf7\xbc\xa3\xf0\xb8\x37\x77\x76\xed\xf8\xb9\x08\x1b\xc1\x5a\
\x91\x58\xd9\xf9\x88\x35\xee\x2b\x3f\x7e\x34\xb6\x85\xe2\x23\x80\
\xd4\x16\x4b\x04\x80\xef\xb5\x23\x16\x09\x40\xf9\x02\xcf\x04\x94\
\x7a\x3b\x84\x00\xe8\x65\x20\xbc\x2e\x2b\x92\x17\x9c\x03\xc0\x49\
\xf0\x89\xf9\xbb\x6b\x9a\xc8\x93\x39\x00\xd6\x43\x5d\x1c\x86\xf3\
\x9d\x1b\x04\xa0\xf5\xf8\xf9\xa5\xd4\x83\x03\xb3\x0e\x0b\x5e\x55\
\x26\x1d\xf1\xde\x80\x85\x11\x02\x8c\xf8\x8d\xb6\x42\xee\x4d\xbb\
\xb5\xd7\xdd\x41\x33\x00\x4b\x61\x7f\xd9\x18\x0c\x69\x24\x80\xad\
\x14\x01\x6c\x7d\xc9\x1b\x04\x01\xe4\x0e\x52\x72\x16\xd3\x69\xc3\
\xdf\x65\x7d\x75\x5c\x74\x7e\xf5\x9d\xa8\x8f\x71\xe5\xfa\x65\xd1\
\xb8\xdb\x13\x40\xee\xec\x5a\xda\x38\x7f\x4a\x00\x07\xfe\x5c\x08\
\x80\x97\x76\x5f\xff\x8d\x7f\x47\x4b\xd1\x6e\xe1\x5c\xda\x16\xe1\
\x0f\xb8\x21\x49\x5b\xc4\xdf\xe4\x27\xea\x7d\x17\xd8\xbd\xf6\x05\
\xac\xed\xcf\x44\xc2\x7a\x88\x00\xb4\x1e\x08\x80\x7c\x30\x24\x1b\
\xbd\xcf\xf8\x1c\x80\xd4\x93\xf9\x35\xae\x0f\x37\x57\x89\x0f\x7a\
\xf3\xf3\xf3\x9d\x01\xfc\x1f\xdf\x69\x59\xa0\xcc\x15\x70\x43\x16\
\x70\x7a\x0a\x30\x5c\x65\x16\x87\x47\x46\x08\x38\x92\x0d\x09\x70\
\xac\x08\x44\xc0\x91\xf9\xc4\xc4\x0a\x9f\xa9\xd4\x80\xa8\x73\x45\
\xc7\x96\x3a\x57\x63\xb4\x3a\x17\x17\xed\x23\x9f\xff\x2e\xbd\xba\
\x5b\x47\x00\xf5\x46\x21\xa4\xe1\x29\x00\xcd\x04\xc4\x10\x20\x10\
\x80\x27\x01\xed\x38\xb6\xa3\x54\x92\xdf\xad\x9b\x8f\x29\x89\x74\
\xf2\x54\x52\x02\x68\x26\x82\x14\x7b\x5a\x4f\xdd\x79\x69\x67\x2f\
\x4b\xee\xf0\x5a\x62\x0e\x80\x92\x80\x06\x01\xcc\xfa\x21\x40\x24\
\x80\x02\x09\x64\xd7\x35\x4a\x6a\x23\xb4\xce\xe3\x61\xab\xdd\x29\
\x57\xde\xec\x5c\x6f\xc6\x8d\x04\xbb\xb5\x1c\x09\x37\x23\xb6\x41\
\xfe\x17\x52\xba\x49\x69\xbb\x85\x63\x27\xbe\xb5\xb0\xe0\x57\xec\
\x51\x7a\xb8\xb9\x6a\x1f\xc4\x4d\xd8\x22\x05\xed\x83\x8c\x91\x57\
\x0e\xa2\x1b\xf5\xf0\x70\x79\x22\x10\x36\x4c\xe4\x13\xc1\x1d\xdd\
\x0a\x5d\xfc\x64\x02\xff\xae\x31\xa4\x38\x76\xc1\x8a\x40\xa1\x3e\
\xd6\xb3\x42\x97\x6c\x7c\x55\x08\xaf\x18\xa3\x0e\x73\x18\xa3\x7f\
\x71\xd4\xb9\xe3\x2e\xfa\x37\x22\x00\x9f\xf9\x2f\x93\x80\xfe\xae\
\x24\x20\x80\x57\x14\xe6\x01\xd8\x04\x60\xdf\x29\xb5\x83\x25\x4e\
\xdb\xf7\xdd\xbf\x4e\x94\x93\x37\x0c\x03\xea\x45\xeb\x37\x1f\x97\
\x8e\xfd\xeb\x08\x21\x77\x78\x2d\x92\x00\x7a\x66\x04\x00\x02\xe0\
\xc7\x80\xb9\xe3\xb7\x23\x00\x69\x23\x7e\x4a\xf0\x61\x9b\xae\x73\
\xdb\x67\xe1\x8c\x7e\xde\x89\x15\x4a\xe3\x06\xc5\x7e\x42\xff\x86\
\xe7\xf7\xd9\x30\x35\xcc\x04\x84\x2f\x60\x5b\x72\xb6\xdb\xd2\x50\
\x5a\xfa\x20\xf4\xea\x26\x02\xc9\x64\xba\xe5\x5b\x11\x63\x90\xbe\
\x66\x02\x16\x09\x60\x62\x22\x49\x0c\x96\x08\x80\x58\x4a\xe9\x59\
\x20\x2d\x02\x00\xab\xf5\x4f\x00\xbe\xfc\xf9\xaa\xaf\xf8\x97\x80\
\xe2\x0c\xc0\xf4\xa2\xd7\x1b\x44\x2e\x9e\x00\x2e\xb1\x09\xe0\x71\
\x10\xc0\xdb\xdc\x13\x2f\x09\x39\x80\x8c\x00\xea\x9d\x25\x71\xd2\
\xf0\xb9\x72\xfe\xa6\x63\x9b\x24\x8f\x2c\x72\xd1\xc7\x88\x63\x6b\
\x45\xeb\x57\x92\x44\x07\x19\x09\x48\x07\x6f\x1e\x0a\xf0\x54\x60\
\x9a\x09\x58\x20\x80\xfd\x5b\x26\x01\xf5\x75\xad\x9c\x5f\x11\xc0\
\xe1\x6b\xdc\x7f\xfb\xe4\x17\x5c\x77\x7a\x82\x6e\x44\xb0\x31\x9d\
\xa7\x42\xf3\xf4\xa8\x5a\x12\x40\x29\x51\xdd\xd7\x54\x60\xb1\x3b\
\x70\x13\x01\x04\x9d\x3a\xdf\x5a\x14\x01\x70\xa5\x75\x04\x20\xf5\
\xda\x12\x00\x3e\x5b\x20\x2d\x02\x58\x5c\x04\xe0\xcb\x1f\xfc\xc3\
\xe7\x29\x8c\x93\xcf\xff\xa5\x94\x0d\xc2\x96\xa6\x99\x80\x4f\xec\
\xfb\x56\xf7\xe4\x4b\xde\x60\x38\x7f\xee\x1c\x45\x27\x4b\x9c\x54\
\x12\x40\xea\x6c\xcd\x75\x4a\x9d\x26\x02\xc8\x8f\xad\xa4\xa4\xa7\
\xbf\xd7\xbf\x2b\x51\x04\x90\x3a\x78\x0b\x02\x68\x31\x04\x78\xd5\
\xe9\x97\x2e\x92\x00\x20\x92\x00\xfc\xe7\x81\x15\x6b\xdd\xef\xfe\
\xfd\x67\x68\x3e\x09\x4f\xe1\x2d\x12\x00\x16\xbf\x51\xb6\x5b\x22\
\x00\x7d\xc7\x6e\x43\x00\xf8\xdc\x96\x00\x68\x26\xa0\x68\x13\x45\
\x12\x00\xf4\x1a\x57\x05\x8e\x8d\xd3\xaa\x3e\xf6\x42\x06\x81\x45\
\x82\x5e\x95\xbc\xd0\x7a\x29\x01\x40\xef\xe7\x43\x00\xff\xe1\x6f\
\xaf\xf1\x4f\x01\xe2\x04\x8f\xf4\xa2\x97\x8d\xc1\x92\xf3\x28\x09\
\x48\x11\x80\x91\x03\xa0\xc7\x80\xfb\xfa\x21\x40\x45\x00\x6d\xc2\
\x7e\xe5\x4c\x2d\x08\xa0\x4d\x9d\x69\xdb\xd2\x59\xb5\xe4\xc7\xa6\
\x52\xa7\x23\x9d\xbf\xa1\xbe\xe0\xe8\xde\xf9\xd5\xeb\xc0\x09\x09\
\xe4\xce\x9f\x10\x40\x69\x1e\x00\x08\xe0\x34\x10\x40\xcd\xdb\x80\
\xb5\xd7\x5c\x46\x01\x5e\xf0\x5e\xc1\x9b\x3f\x72\xb9\xeb\x20\x67\
\x35\x06\x9f\xb0\x16\xad\x59\x3c\x01\xb0\x63\xd7\x12\x00\xe5\x00\
\x1a\x08\x40\xdd\x84\x35\x46\x14\x26\x00\xd6\xf3\x39\x80\x4e\x67\
\x00\xd3\x01\xe1\xb4\x9c\xc8\x83\xa0\x52\x1c\x40\x53\x09\xc3\x74\
\x47\x3c\xaa\xc0\x6f\xa8\x1c\x82\xcf\xe9\x14\x46\x3f\x35\x91\xeb\
\x92\x7a\x68\x4c\xd7\x47\x53\x18\x45\x9b\x10\x90\x02\xeb\x54\xd2\
\x8b\x75\x49\xc1\x92\x62\xb2\x4e\x08\xaf\x07\x40\x91\xc9\xf0\xa8\
\x7b\xdd\x87\x2e\xa3\x75\x00\x97\x4c\x00\xc7\x9f\x47\x42\x04\x40\
\x4f\x01\xfc\x2a\xae\xc9\x85\x08\xf3\x00\x68\x2a\xb0\x0e\x7f\xb5\
\x33\xd4\x39\x91\x70\xfe\x54\xa7\xfa\x2e\xad\x33\xff\xde\x92\xac\
\x9d\x0c\x47\x49\xbc\x6e\xf9\x1c\xa4\xf3\x1b\xf5\x46\xe7\x56\x4e\
\x6d\xea\xd5\x4b\x1d\x01\x60\x91\x96\x57\x25\xeb\x01\xe4\x8e\xdf\
\x2f\x01\x60\x71\x91\xd7\x9e\x79\x89\x9b\x98\x9a\x21\x27\x87\xbd\
\xc1\x37\xa4\x6d\xb3\xad\x6b\xbb\xc5\xcd\x08\x2f\xe5\x48\x1d\xfc\
\x1b\xa7\xab\x2b\xdf\x82\xa3\x8f\x8d\x86\x7a\x47\xfc\x54\x5d\xad\
\x47\xbe\x35\x92\xfa\x16\x4f\x0f\x96\x7a\x98\xb6\x8f\xfa\x7c\xdb\
\x5e\x4f\xfb\x16\xfa\x0d\xaf\x01\xf8\xed\xc1\xc3\x9d\x9c\x05\x77\
\x5c\x5d\x50\x81\x7c\xf1\x07\xcf\x2d\x99\xb9\x64\xa1\x89\x40\x6a\
\x56\x13\xcf\x03\x90\x05\x0e\xac\x5f\x76\x00\x50\x5d\x00\x94\xeb\
\xa1\x31\x56\xb8\xeb\xe3\x15\x4c\x5d\x80\x11\x7a\x13\x63\x63\x6e\
\xdb\xb3\x83\xee\x55\xa7\x5d\xe2\x76\x16\x53\x43\x41\x00\x48\x10\
\xb1\xf3\x6b\xa3\xd0\xc6\x91\x1a\x0c\x08\xa0\x9c\x04\x8c\x04\x80\
\x24\xa0\x70\x9a\xb2\xe3\x94\x1c\x48\x3a\x52\xf8\xac\xc2\xf6\xd4\
\xa9\x2b\x7d\xed\xf4\x96\xe8\x63\xda\x8b\xa5\xaf\x31\x1b\x3a\xda\
\x91\xf5\xef\x96\xe8\x63\xf6\xf3\x8b\xaa\x3e\xb9\x8f\x27\x80\x9e\
\xf5\x2e\x00\x2f\x08\x72\xd4\x62\x92\x80\xb9\xf3\x43\xb0\xfe\xc3\
\x2b\x4f\xad\xd6\x7f\x40\xa1\x3b\xa9\xf0\x15\x8e\x42\x19\x07\x17\
\xfc\xad\x5f\xaa\x83\xc0\xf9\x74\x19\x9f\xa8\x7c\x8b\x7d\x81\x23\
\x69\x59\xac\x15\x81\x40\x1e\xba\x80\x7c\xf4\xcb\x77\x23\xb6\x6f\
\x55\xbb\x03\xf3\x98\xc4\x0a\x5d\x50\xd8\xb9\xa4\x63\x5b\xa1\x0b\
\x80\x57\xa1\x4b\x35\x0f\x40\xeb\xf1\x3c\x00\x59\x1f\x58\x8d\x75\
\x58\x40\x46\xfe\xf1\x05\x87\x2f\xbe\x5e\x8d\x11\xc2\x8f\x58\x30\
\x0d\x18\xeb\x00\x60\xd6\x9e\x24\x80\xf8\x78\xa8\xc6\x40\xea\x04\
\x04\xb0\x1f\xad\x07\x90\x4f\xd2\xf0\x43\x80\xb7\xc4\x79\x00\xb9\
\xa3\xc8\xcf\xd6\xef\x41\x82\xb3\xc7\xc7\x6d\x72\xec\x2e\x7e\xab\
\x12\x8b\x95\x68\x67\x4f\x9f\x40\xe4\xfa\x99\xe3\x15\x45\x1f\xa3\
\xeb\xd1\xbf\x2f\xa7\x84\x73\x93\x04\x60\x44\x00\xfc\x14\x20\x23\
\x00\x75\xad\x73\xe7\x2f\x13\xc0\x6e\x2b\xd7\xbb\xfd\x4e\x3e\xdf\
\x75\x26\x2a\x67\x84\x03\xb3\xcd\xb2\x58\xc3\x54\xfc\x0d\x02\xa0\
\x77\x01\x84\x2e\x13\x80\xc4\x6e\xcd\x04\xc4\x0b\x74\x5a\x8f\x27\
\x02\xb1\xaf\xe2\x33\x13\x80\xd4\xeb\x6f\x22\x90\x20\x00\x1e\xf3\
\x6b\xe7\x42\xe9\x87\x00\x18\x24\x8f\x71\x2c\x02\xb0\x40\xb6\x22\
\x80\x40\x2c\x1a\x23\xa4\x22\x80\x51\xf7\xe4\x73\x83\xee\x95\xa7\
\x63\x8d\x38\x49\x00\x8a\x08\x0c\x27\xaf\x13\x2c\x18\x59\x5a\x0f\
\xa0\x47\x13\x81\xde\x26\x08\x40\x3a\x83\x76\x92\xb2\xa3\x24\xce\
\x6d\x38\xbf\xd6\xaf\x8e\x2b\xdf\xe5\xf3\xef\xea\xeb\xca\xef\xd4\
\xfa\xb8\x26\xd1\xc7\x4b\x6c\xfd\x48\x55\x67\x24\x00\x3c\x06\xb4\
\x92\x80\xdd\x39\x7a\x0a\x40\x04\x20\xaf\x5b\xbc\xd6\xd5\x5b\x9e\
\xa6\xe3\xf3\x93\x22\xf1\xce\x08\x11\xc0\x29\x17\x2c\x9a\x00\xe8\
\x06\x28\x6c\x1c\xd2\x9e\x00\xf2\x9b\x0c\x4d\x04\x52\xe3\xfd\xb6\
\x04\xa0\xdf\xb3\x41\x09\x53\x81\xb1\x2f\x00\x65\x04\xe3\x42\x9e\
\xec\x5c\xb2\x8c\x89\x21\x00\x04\x9f\x4b\x43\x00\x0e\x53\xea\x16\
\x05\xf5\x61\x4a\x3e\x15\x58\x17\x74\x24\xff\x1e\x97\x0b\x13\x51\
\x8a\x2c\x4c\x52\xe3\x63\x23\x34\x04\xc0\x0a\x31\x36\x01\xb4\x88\
\x08\x8c\xef\x41\x00\xfb\x35\x12\x40\x78\x1b\x30\x46\x01\xca\x31\
\x92\x70\xde\x76\x92\xe4\x8e\x1d\xea\x6a\xf7\x34\x41\xb7\x27\xdb\
\xd0\xdf\xe7\xed\x47\xc9\x08\xa0\x74\x7c\x3e\x3c\xb1\xea\xd5\x91\
\x49\x55\x5f\x59\x4f\xb7\xc9\x04\xf0\x64\x89\x00\xe4\x10\x20\xbb\
\x8e\xe9\x75\x2f\x3a\xbe\x41\x00\xaf\x3a\xf5\x42\x37\x32\x59\x0d\
\x01\xe0\xc0\xec\x03\x2c\x70\x74\xc6\xc1\x05\x7f\x93\xdd\xaa\x21\
\x40\xcf\x18\x02\xd0\xa2\xa0\xca\xb7\xb0\x29\x89\x2e\x72\x08\xc0\
\x75\x73\x32\x5d\x16\xf6\xad\xaa\xdd\xe2\xf0\xba\x33\x80\x85\x01\
\xe1\x64\x38\x88\x05\x95\xc2\x19\xf1\x2f\x7f\x86\xb3\x4b\x1d\x08\
\x1c\x7b\x54\xe9\x21\xe1\xa7\xf5\xe2\x22\x85\x42\x0f\xcc\x25\x75\
\xd0\xb1\x68\x83\x75\xa4\x60\xb8\xa0\xeb\xc4\x2b\xc6\xd5\x22\xa1\
\x29\x46\xec\x8f\x8e\xc4\xcd\x6f\x7f\xe8\x8a\x86\xa5\xc0\x85\xa3\
\xeb\xb0\x51\x7f\x7f\xec\x26\x22\x13\xac\x0a\x6c\x11\x40\x92\x03\
\xc8\xee\xda\x96\x63\xe8\xdf\xf2\x27\x07\x49\x14\x20\x7e\xcb\xeb\
\x91\xa4\x61\xe9\x2c\x97\x28\xcc\xe6\x39\xa6\xe7\xa9\x9d\x5f\x13\
\x80\xfe\x2d\xd7\x09\xe7\xbe\xdf\x41\x6e\x5b\x20\x80\xd2\x63\xc0\
\x6a\x51\x50\x7d\x2d\xd3\x57\x7f\xdb\x38\x3f\x04\x39\x80\xd7\x9e\
\x71\x91\x7b\xae\x33\x42\x8f\xcd\xd8\x86\xb5\x2d\xc2\x3e\xb1\x27\
\x05\xfd\x4e\xff\xfa\xcf\x5d\xcb\x67\xe2\xc2\xb5\x95\xdd\xe2\xa6\
\x99\xe9\xa1\xbd\xd1\xc5\xf9\x16\x8e\x95\x3a\x58\x4f\x83\x31\x92\
\x84\x5d\x8b\xc6\xc6\xc7\xec\x15\x81\xc0\x68\x9a\x91\xac\xe4\x85\
\x5c\x14\x14\x32\x58\xd8\xd1\x04\x8e\xa9\xeb\x03\x08\x5d\x70\x57\
\x97\x6c\x09\x01\xd3\x69\x76\x45\x01\xa3\xf9\xdf\xab\xa4\x64\xaf\
\x57\x61\xc4\x11\x6f\xf9\xeb\xcf\xd2\x62\xa0\xb9\xe3\x5b\x62\x38\
\x7e\xf2\xfd\xb9\x6e\x67\x2c\x0a\x8a\x1c\x40\xe1\x31\xe0\x96\x5a\
\x02\xd0\xce\x24\x8c\xdc\x70\x72\x12\x55\x4f\xee\x20\xca\x49\xf4\
\xf1\x59\x5b\x5a\x9a\xb0\x29\x5d\x89\x27\xc3\x26\x25\xad\x5f\x63\
\xf2\xbf\x2f\x9e\x00\x6a\x23\x00\x4d\x00\x24\x8a\x00\xa4\xb3\x6b\
\x02\x20\xd9\xe8\x5e\x70\xdc\x46\xda\x04\xe6\x8d\x7f\x75\x99\x7b\
\x6e\x70\xc8\x8d\x05\x9f\x80\x6f\xe8\x42\xdb\x83\x07\x1b\xa4\x55\
\x77\x1a\x57\x04\x6a\x8e\xa4\xe1\xc4\xf1\x6e\xdf\xb0\x22\x90\xae\
\x0f\x04\xa4\x0b\xb0\x48\xbf\x0a\xab\x79\xb5\x98\x07\x40\xe3\x78\
\x7b\x1e\x80\x35\x76\xb1\xe6\x01\xb4\x7d\x8b\x49\x8e\xaf\x38\xd1\
\x61\x8d\xaf\x20\x60\x3a\xfe\x9d\x93\x8d\x8c\x91\xcb\xef\x7f\xfc\
\x0b\xc9\x3c\x80\x66\xb1\x08\xa0\xfa\x9e\x72\x00\xa7\x5d\x5c\x58\
\x10\x24\x7d\x19\xa8\x3d\x01\x84\x61\x41\xe2\x48\x70\x02\xcb\xc9\
\x2c\x47\xd1\x04\x90\xeb\xb1\xa3\x25\xce\x9c\x49\xe9\x37\xf5\xbd\
\x76\x7e\x63\xce\x43\xc4\x55\xd4\xf1\x7f\x73\xdd\xfa\xd8\x0c\x6b\
\x98\x07\x80\x05\x41\x9e\xdc\xe7\xc0\x02\x01\x88\x1c\x80\x20\x80\
\x64\xbc\x6f\x11\x40\x42\x02\xd8\x37\x22\xc8\x71\x1b\x69\x2d\xc9\
\xdf\xf9\xd8\x55\xf4\x72\x19\x08\x00\x76\xab\xc7\xd2\x68\x3e\xdf\
\x1d\xd8\x3b\xad\x95\xa7\x82\xdd\x6a\x5f\xb0\x72\x69\x70\x76\xfc\
\x26\x73\x69\xcb\x31\x0f\x80\xa5\x71\x26\x60\x4a\x00\xf6\x4c\xc0\
\x7e\x09\x40\xd6\xd7\x44\x00\x91\x08\x96\x40\x00\x7f\x76\xce\x97\
\x69\x3e\x77\xee\xe8\x25\xd1\x8e\x1f\x44\xe4\x00\x90\x04\xb4\x08\
\xa0\xd7\x48\x00\xd2\x99\x94\x81\x1b\x4e\x95\x89\x71\x97\xa5\x7f\
\x8b\x7a\xb9\x53\x99\xce\x99\x60\xab\xc3\x9b\x13\x80\x35\xe1\x29\
\xab\x5f\xea\x06\xa1\xbf\x55\x1b\xb6\xf3\x07\x81\xf3\xef\x77\x90\
\x7b\x8a\x08\xc0\x9e\x07\xe0\xa7\x02\xe7\x39\x00\x9d\xf0\x4b\x08\
\xa0\x81\x04\xf0\x3a\xf0\x3b\xff\xe9\x1a\x37\x3d\x31\x1e\x32\xfa\
\xb9\x73\x55\x04\xc0\x36\x5b\x3d\xae\x2e\x11\x00\x8f\xe1\x9b\x08\
\x80\x7c\x90\xed\x7b\x19\x09\x00\x7a\xe1\x65\xa3\xe5\x1d\x02\x40\
\xaf\x6e\x08\x00\xa0\xac\x07\x90\xba\xf8\x21\x40\x08\xa3\xda\x0c\
\x01\x62\x12\xd1\x27\x3a\x34\xc6\x95\x17\xdc\x14\x5f\x06\x5a\x92\
\xb4\x21\x80\xf0\x3a\xb0\x7c\x19\x88\x0d\x9d\x9d\x35\x33\x6c\xc3\
\xa9\x2c\x49\x96\xe3\x8a\x75\xa6\x0e\x95\xe9\x17\x89\x20\x38\x1f\
\xeb\x17\x09\xc0\x3e\x2e\x17\xad\x27\x22\x1a\x03\x53\xde\x6e\xda\
\x2f\x09\x01\xf0\x04\xa0\x40\x00\x3e\x02\x28\x10\x40\xab\x8d\x41\
\xf2\x65\xc0\xf2\xf0\xbf\x22\x81\x81\xc3\x57\xbb\xff\xb9\xfa\x4b\
\xae\x87\x95\x81\x6b\xe7\xaa\x84\x21\x00\xdb\x2e\x7c\xa7\x30\x04\
\xc0\xf1\xda\xb7\xac\x21\x00\x9c\x9d\x7c\x46\xec\xb0\x55\x37\x04\
\x60\xd2\x21\x8c\x63\x39\x46\x3d\x04\x08\x1b\x02\x77\x06\x26\x27\
\x27\x3a\x48\x56\x20\x24\x60\xc1\x1d\x1b\xa0\xa4\x4c\x4e\xf1\x76\
\xdc\x5e\x07\x9f\xe1\xec\x5a\x6f\x8a\xb7\x2b\x16\xf5\x4d\x4d\xd7\
\x6c\x6b\x2c\xf5\x8c\xed\x8f\xa9\x6d\xa1\x83\x49\x4b\x38\x0e\x3b\
\xac\x00\x77\xd2\xb6\xd0\x73\xf3\x3d\x77\xea\x15\x37\xd7\x6f\x08\
\x9a\x85\xfc\xc6\xdd\x5f\x11\xc0\x2b\x6b\x09\xa0\x7a\x19\x28\x75\
\x44\x61\xd8\xda\xf8\x0d\x67\xc1\xf7\xd2\xc1\x4d\x11\x3a\xfa\xf8\
\x94\x00\xb4\xb3\x06\x47\xcc\x24\x25\xa7\x66\xe7\xd7\x3a\xd2\x79\
\x0d\x4c\xe1\x98\x94\x68\xd2\x36\x13\x12\x90\x33\x00\xe3\x10\x20\
\x24\x01\x8d\x97\x81\xf2\x99\x80\x35\x04\x60\x10\x41\x4e\x06\x1b\
\x69\x0b\xf8\xf7\x5e\xfc\x0d\xb7\x3d\xcc\x5c\x85\xc0\x37\xa4\x3d\
\xb2\xcc\x5a\x3e\x13\xb7\x02\xaf\xb6\x04\xc7\xf3\xfd\xb2\x9e\xf7\
\x07\xe8\x5b\xbe\xc5\x3e\x23\xeb\xa4\xb6\x95\x1e\x30\x26\xbe\x35\
\x11\x30\x0a\x1d\x9a\x31\x38\x3b\x5b\xed\x0d\xc8\x77\x67\x88\xc5\
\x5c\xb4\x22\x90\xba\x8b\xa3\x22\x5d\xd2\xc7\x80\xfe\x51\x05\x39\
\xa4\x2a\x08\xd7\x13\xbd\x86\xbd\x01\x25\x7b\x95\x30\xca\xf1\x95\
\xeb\x4d\xb9\x7f\xf9\xf2\x6d\xe5\x08\x40\x1b\x47\x46\x04\x42\x22\
\x01\x60\x66\x58\xdd\x53\x80\xb6\x04\x60\x3b\x49\xe2\xfc\xec\x78\
\xc2\xe9\x33\x27\x37\xbe\x4f\xdb\x2d\x39\x6c\xbd\xf3\xe7\x04\x60\
\x91\x80\xfe\xbd\x9e\x00\xa2\x63\xf7\x23\x9a\x00\xf8\x29\xc0\x7d\
\x39\x01\x64\x11\x80\xb8\x6e\xb9\x94\x89\x40\x92\x00\x96\x06\xff\
\x87\xaf\xfe\x40\x58\x98\xda\x60\x03\xb6\x18\xa2\x50\x1d\xa5\xe2\
\xef\xb6\x91\x34\x86\xc3\xb4\x73\x96\xd0\x33\x1f\x03\x4e\xcf\x84\
\x88\xdb\xd7\xe9\x23\xe9\x3c\xe1\x87\x36\x74\xbb\x76\xf2\x52\xcd\
\x04\xe4\xc4\x9b\x1e\xbb\xa0\xd0\xee\xc0\x6a\xac\xc1\x04\x20\xf5\
\xe2\x44\x20\x31\x76\x61\x02\x48\x1c\x86\x76\x07\x4e\xb7\xf2\xd6\
\x63\x17\x48\x9c\x50\x21\xf3\x02\x06\x46\x08\x3a\x92\x7e\xc7\x73\
\xd9\xee\x94\xbb\xea\xdb\x77\xc7\xd7\x81\x53\xd1\x06\xd1\x4e\xe2\
\xce\x40\x46\x04\xd0\x7d\x74\x73\x78\x19\xa8\x81\x00\xa4\x64\x4e\
\xa2\x1d\xab\xec\xe4\xb1\xfe\xd2\xf7\x7d\x39\x6c\x2e\x5a\x2f\x3d\
\xa6\x22\x8f\xfc\xb7\xc2\xf9\x95\x74\x9a\x44\x10\x00\x4f\x04\xb2\
\x22\x80\x9c\x00\x0c\x92\xcf\xc4\x13\x00\x9c\xdd\x22\x01\xbc\x49\
\x7a\xf9\x6d\xd5\x70\x03\x05\xce\xc5\x3e\xc0\xfe\x62\xbd\xb2\x4e\
\x33\x01\x6b\x5e\x58\x93\xd8\x61\xb7\x72\x49\x30\xf8\x8c\x99\x4b\
\xc3\xaa\xc0\x6a\xee\x0c\xa6\x11\x6b\x3d\xb4\xa1\xdb\x2d\xce\x04\
\x6c\xbb\x26\x20\x36\x40\x64\xe7\xab\x23\x00\x0c\x01\x24\x01\xe0\
\xb3\x45\x00\x00\x49\x04\x50\x93\xbc\x80\x98\x04\x50\x9a\x09\x38\
\x56\x11\xc0\xdc\xf4\x84\xbb\xe5\xee\x07\xe9\x51\x0e\x76\x05\x5e\
\x2a\x01\x20\x91\x84\x2d\xa3\x10\x01\x58\x43\x80\xee\xa3\xfe\x6d\
\x40\x99\x04\x6c\x24\x00\x88\x70\x10\x5b\x72\x07\x6f\x92\x94\x00\
\x72\x07\xce\x1d\xd6\x8e\x06\x48\x87\x9d\xaf\x78\x8c\xc6\x9b\xeb\
\xea\x36\xf5\xef\xb5\x22\xa3\x80\x5a\x02\xc0\x53\x80\x2b\x1a\x09\
\x80\x93\x82\xe9\xf7\xfa\x06\x81\xdd\x81\x36\xd2\xdb\x80\xdf\xbe\
\xff\xc9\xd8\x16\x0a\x27\xaa\x77\x24\x01\x40\xcf\x26\x00\xde\x79\
\x5b\x10\x80\x91\x4c\xef\x8b\x00\xe8\x65\xa0\x36\xdb\x83\xab\x21\
\x00\x42\x16\x6b\x08\x80\x71\x3c\x7e\xab\xf4\xec\x21\x00\x26\x27\
\xf8\xe7\xa6\x55\x98\x82\x8e\xd4\x05\x60\xf9\x24\x58\x50\xb7\x85\
\x51\x6e\x0f\x3e\x35\x3e\xea\xee\x7b\xec\x09\xf7\x2b\xef\x3b\xcf\
\xed\x16\xf6\x05\x5c\x0a\x09\x78\x02\x40\x0e\xa0\x8e\x00\xde\x92\
\xae\x08\x64\x10\x40\x6e\xf4\xb6\x13\x55\xbf\xe5\x0e\xde\x46\xda\
\xdc\xfd\x2b\x2c\x92\x00\x2a\x3c\xa4\x63\x10\x80\x3f\xce\x3e\x26\
\x1e\xb7\x48\xc9\xcf\x5f\x11\x00\xde\x06\x34\x09\xa0\x6e\x1e\x40\
\x75\x0d\xa5\x54\xbf\x69\xdb\x38\xd7\xed\xbe\x72\x83\x7b\xd1\xfb\
\xce\x73\x8f\x3d\x97\x26\xab\xdb\xce\x55\xc1\x9f\x6d\x87\x00\xb8\
\xf1\xf9\xcd\x73\x7d\x12\x11\x9f\xad\x64\x3a\x08\x60\xf0\xb9\xe7\
\x42\x92\xd1\xfb\xa0\x95\x4c\xa7\x21\x00\xd7\x37\xe4\xeb\x43\xa4\
\xad\x0b\x0d\x01\xa6\xa7\xa7\x3b\x60\x0c\x34\xc8\x02\x27\x9e\x26\
\xe1\xef\xa6\xe8\x5f\x24\x17\x20\x52\x8f\x74\x8d\xbf\x01\x56\xd7\
\xa9\x05\x1b\x1d\x4c\x8b\xfa\x92\x3a\xe8\xdf\x69\x4a\x20\xd2\x6f\
\x42\x8f\xea\x16\xed\x7a\xdd\x14\x23\x25\x36\xa7\xa6\xdc\xeb\x3f\
\x74\x65\xf2\x4a\xf0\x62\x48\x80\x0d\xc6\x47\x00\x17\x16\x08\x60\
\xb3\xdb\xba\x4f\x3d\x01\x68\xc9\x1d\x3e\x75\xa2\x56\x04\x50\xf8\
\xbd\xfd\x10\xc0\xa8\x2f\x38\x9e\xd6\x4d\x45\x13\x80\x3a\x06\xef\
\xfe\x67\xc7\x08\x42\x91\x22\x7e\x4f\x9d\x3f\x48\xd0\x43\x0e\xa0\
\xb4\x20\xc8\xe4\x4c\xcf\xbd\xea\xd4\x4b\xfa\x22\x00\x4f\x02\x79\
\x1e\x00\x82\xbb\x3f\x5e\x05\x1e\x19\x9b\xa0\x04\x9f\xf7\x87\xd4\
\xde\x2d\xbb\x4d\xed\xbb\x9d\x9e\xa5\x9b\x7e\xdf\xac\xa7\x45\xeb\
\x69\x5d\xf8\xfc\xd4\xd4\x54\xf9\x31\x60\x27\xdc\xc5\x79\x3d\x73\
\x8b\xb9\xf8\x31\x20\x27\x44\xb0\xcf\x19\x1a\xd2\x05\x91\x82\x64\
\xc2\x12\x73\xb5\x65\x57\x14\x7a\x2e\xab\x92\x92\x16\xc6\xff\x7f\
\xc3\xf5\x85\x3c\x80\x90\x06\x23\xa1\xf5\x00\x38\x02\x38\xcd\x8e\
\x00\x68\x4d\x40\x1d\x01\x68\xe3\x2f\x88\x75\xd7\xf3\xbf\xe5\x8e\
\xcd\x4e\xc1\xe4\x52\x22\x89\x26\xc7\xaf\xda\xce\x8f\x6d\x47\x04\
\xda\xf9\x35\x01\x04\x12\x90\x0e\xae\x1d\xdf\x20\x80\x0a\x97\x20\
\x43\x26\x00\x9c\x17\xed\x0d\x98\x13\x00\x2f\x08\x52\xb7\x1e\x40\
\x76\x5d\x4b\x04\x10\x16\x04\xfd\xf3\x55\x5f\xa4\xfd\x25\xa2\x8d\
\xd1\x9d\xd4\x8a\x52\xab\xf7\x55\xa4\x58\x51\x2a\x42\xf1\x41\xf5\
\xaa\x6e\x29\x92\xd6\xbe\x85\xef\x74\xe9\xf5\xd2\x99\x80\xf0\x2d\
\x2b\x99\x9e\x3e\x06\xf4\xaf\x11\xb7\x9c\x09\x98\x4e\xb2\x49\x58\
\xb7\xe5\x9a\x80\xfd\xcc\x04\xa4\xdc\x01\x5e\xf9\x15\xe3\x7d\x3d\
\xbe\x82\xf0\x84\x0a\xd6\x43\x9d\x16\xc6\xbf\xf9\xd2\x1d\x6e\xe0\
\xe0\xf6\x04\x90\x1b\x8a\x5f\x0c\x84\x09\x80\xd6\x03\x28\x10\x40\
\x32\x11\xa8\x85\xf3\x59\xc6\x1e\x1d\x9c\x9d\x5c\x3a\x7a\xac\xb7\
\x2c\xc9\xf1\x8d\x18\x0c\xc7\xef\x83\x04\xe2\xef\x42\x37\xd1\x91\
\x24\x50\x27\x89\x7e\xfa\x5d\x0c\xff\xc3\xde\x80\x65\x02\xe0\xdd\
\x81\x9b\x9f\x02\x14\x09\x20\x3e\x19\xd8\x44\x4f\x8f\x3e\xf2\xb9\
\x5b\x69\x79\x79\x69\xb7\x79\x9e\xca\x98\x09\x58\xc8\xa5\xb1\xdd\
\x6a\x5f\x30\x73\x69\x7e\xc5\x9e\x24\x99\xce\x04\x20\xf5\xe2\x92\
\x60\x61\x22\x52\xc4\xa8\xf4\x96\x36\x13\x70\x89\x04\x80\x13\xd4\
\x7a\xb5\x04\x10\x48\xa0\xb4\xeb\x0a\x64\x8c\x96\x68\xaa\x08\x00\
\x9f\x2d\x8c\x5f\xfe\xe1\x83\x6e\xe0\xd0\x35\xc9\xf6\xe0\x75\x04\
\xa0\xef\x10\x24\x91\x00\xd6\xbb\x57\x9c\x72\x61\x79\x3d\x80\x97\
\xcb\xf5\x00\xca\xce\x97\x3a\xbc\x16\xcb\x99\x72\x47\xab\x9c\x5c\
\xd6\x9d\x13\x82\x6e\x3b\xd1\x0d\x04\xe3\x1d\xfe\x4d\x41\x6c\x12\
\xc8\x8f\xe7\x73\xd1\xba\xf9\x9d\x7b\x29\x62\x13\x80\x3d\x11\x08\
\x9b\x83\xb6\xdd\x1b\xd0\x5f\x5b\xe9\xf4\xd5\xac\x40\x1c\x8b\x05\
\x41\xbf\x70\xc7\x7d\x6e\x61\xa6\x4a\x90\xf7\x43\x00\xb0\x4b\x8b\
\x00\x28\xe1\xd7\x96\x00\xda\xce\x04\x0c\xc9\xf4\x0a\x23\xf6\x0a\
\x68\x49\x00\xa5\x21\x40\x7c\x46\x1f\x42\x06\x2b\xbc\xa6\x4a\xa4\
\x5e\xcd\x4c\x40\xa9\x87\xba\x91\xb1\xd7\x25\x7b\xc6\x5a\x37\x04\
\x18\xad\x86\x00\xdc\xb6\x85\xf1\xf1\xa7\x9e\x73\xbf\xfc\xbe\x4d\
\x6e\xd7\x90\x08\x94\x04\x10\x3f\x6b\x87\xd7\x22\x23\x80\x53\x0b\
\x04\x80\x9d\x81\x0a\x2b\x02\x55\xce\xd2\x46\x52\x67\x8f\x77\xf6\
\xec\xae\x5c\xef\x98\xf5\x12\xea\xad\x21\x80\xe4\xb7\x9a\x76\x52\
\x3c\xfa\x5c\x72\x87\x5e\x94\x60\x45\xe0\xb8\x3b\x70\x79\x55\x60\
\x5a\x10\x44\xbf\xfe\x6d\x38\xbf\x17\xe1\xfc\x6c\x0f\x81\x00\x28\
\x01\xf8\xfe\x4f\xb9\x87\x9e\x1a\x72\x53\x63\x3e\x93\x0f\xa1\x44\
\xb5\x11\x5e\x03\x03\x3b\x1f\x0b\x6c\xd2\x1a\x02\x80\x40\x74\x62\
\xb0\x38\x04\xa0\x8c\x7f\xe5\x33\xd6\x10\x40\xce\x04\xac\xc3\xa8\
\x67\x02\xc6\x21\xc0\xcc\xcc\x6c\x07\xbb\xef\xc8\x59\x42\x72\x46\
\xdd\xd4\xd4\x24\xcd\x02\xb4\x66\x07\x02\x50\xd4\x0b\xff\x82\x00\
\x66\x67\xf2\x19\x4c\xb1\xae\x9a\x59\x7f\xa5\x59\x56\x6d\xdb\xc6\
\x73\x52\xa9\xd3\x9d\xed\xba\xf9\x5e\xd7\xfd\xc1\xdf\x57\x8b\x83\
\xf2\x33\x5e\xcb\x48\x32\xc7\x57\x12\xe7\x01\x58\x13\x81\x1e\xd9\
\xec\xb6\xbe\xe4\x40\xb7\xf5\x65\x07\x56\x0e\xd0\xef\x52\x58\x51\
\xca\x0e\xaf\x45\x3b\x64\x3b\x49\x09\xa0\x22\x01\xe1\xfc\x2d\x23\
\x89\x1c\x7b\x25\x99\x23\x2f\x46\x82\xf3\x13\x01\xa0\xde\xdf\xfc\
\x6d\xd7\xbd\xe7\x67\x59\xff\xdb\xbb\x03\x97\x48\x20\x75\x7c\x29\
\xb0\x8d\x9d\x56\xf8\x9d\x81\x67\x67\x90\x60\x4e\x6d\x31\xb3\xdb\
\x99\xd4\x6e\xa5\xef\x68\xbb\x2d\xd9\x37\x92\xed\xa6\x7d\x4f\x4c\
\xc4\xfa\x30\xf3\x0f\xdf\xa5\x75\xce\x04\x3f\x48\x67\xe8\x52\xdb\
\xaa\x3e\xdd\x76\xb7\x4b\x33\x10\xc5\x82\x20\x21\x8c\x6e\x62\x2e\
\x19\x15\xcc\x76\xfd\xe2\x98\xb2\xc0\xd9\x3d\x73\x85\x90\xa4\x66\
\x26\xa0\xbe\x83\x5b\xcc\x25\xd9\x55\x46\x07\x26\xc6\xd1\x8a\x5d\
\x99\x35\x51\xce\xbe\xf6\xfb\x71\x4a\x70\xe6\xfc\x64\x20\x2d\xa2\
\x80\x06\x02\x98\x1b\xec\xb8\xa7\xde\xfc\x4e\xb7\xf5\x97\x5e\x69\
\x2c\x7b\xdd\x2f\x09\xa4\x0e\xa9\x9d\x5e\xde\x6d\xb5\x43\xb6\x13\
\x9b\x00\xe4\xdf\x6d\x9c\x1f\x92\x63\xaf\x84\x9d\x38\x79\x96\x2f\
\xf6\x05\x68\x25\xec\xfc\xaf\x7c\xab\xdb\xf6\xe2\x03\xdc\xd3\x6f\
\xfa\x7d\x37\xf7\x54\xb5\x61\x67\x42\x00\xa7\x23\x09\x68\x3c\xf1\
\x11\x63\x7b\xeb\xce\xaf\x09\x60\xe0\xd0\x55\xee\x83\x97\xdc\xe4\
\xdc\x7c\x7e\x67\xd6\x51\x2a\x6f\xde\xa1\xa3\x54\xfc\x4d\xa1\x7b\
\x8b\x44\x35\xb6\x06\xd3\x51\x01\x1c\x56\x17\x7c\xa7\xdf\xbd\x59\
\xfa\x4c\xc0\xe1\x0e\xed\x0d\xe8\xc7\xdd\xf6\xd8\x05\x85\xc7\x2e\
\x55\x5e\xa0\x43\xe1\x87\xd6\x03\x01\xe0\x84\xe5\xd8\x85\x09\x20\
\xb9\x63\xaa\xb7\x98\xf0\x39\x1f\x5f\x19\x4b\x82\xd5\xad\x09\xa8\
\xde\xb4\xc2\x67\xac\x0c\xf0\xed\x07\xb6\xb9\x9d\x56\xac\xa7\xc9\
\x1d\x26\x01\x90\x91\xe4\x0e\xaf\x65\x57\x7a\x0a\x70\x89\x9b\x98\
\x49\xcf\x3b\x9e\xd3\xcf\x1e\x70\x4f\x1d\xf8\x76\xf7\xc4\x2f\xef\
\xef\x9e\x78\xc5\x5b\xf3\xd5\x70\x0d\x27\x29\x8a\xe5\xfc\xfa\x6f\
\xc3\x21\x53\xc7\x94\x91\x02\x3b\xb2\xff\x6c\x85\xfa\xfd\x3a\x7f\
\x2d\x01\x08\x27\x2e\x11\x80\xd4\x8f\x75\x1a\xce\xff\xe4\xab\xde\
\xe6\xb6\xfd\xda\x6b\xdd\x73\x6f\xfc\x3d\xd7\xbb\xe7\x5e\xb3\xef\
\x67\x7b\x73\xee\xd5\x34\x04\x30\x08\x20\x21\x01\x2f\x56\x24\xc8\
\x7f\xef\xb4\x62\x8d\xfb\xe2\xed\x3f\x73\x6e\xce\x20\xfa\x98\xa8\
\xae\xf2\x63\x56\x9e\x8a\x27\x02\x8d\xb4\x48\x54\xf3\x3c\x9c\x78\
\xd3\xac\x59\x12\x4c\xeb\x59\xb9\xb4\xbe\x26\x02\xe9\x45\x41\x9b\
\x08\x40\x56\x8a\xd0\x42\xeb\x55\x04\xe0\x9d\x15\x7a\x6d\x08\x00\
\x7a\xcb\x45\x00\xb2\xce\x85\xb9\x1e\xdd\x1d\x5e\x85\x59\x62\x2b\
\x8c\xf0\xb0\x0f\x12\xd8\xfd\xe8\x8d\xee\xd7\x3e\xf0\x69\x37\x38\
\x9e\x26\x3a\xe5\x79\xf5\x1e\xdb\xec\x9e\x7a\xcb\x3b\xdd\xd6\x5f\
\x3e\xc0\x26\x81\xbe\xc9\x20\x38\x6c\x31\x2a\xa8\x1c\x88\xf5\xeb\
\x49\x43\xd5\x21\xeb\x64\x22\x68\xe1\xf8\x8d\x24\x20\x1d\x39\xfc\
\x9d\x90\x82\xd6\xb7\x8e\x85\xf3\xbf\xf2\x6d\xee\x89\x5f\x7b\x8d\
\x7b\xe6\x4d\x7f\xe0\xe6\x1e\x7c\xa8\xd8\xef\x88\xca\x7e\xfd\x2f\
\xcf\x77\xbb\xac\x2c\x5c\x63\x45\x00\xd9\xef\x81\x00\x76\xc5\x3a\
\x80\xa7\x5e\xe8\xb6\x3e\xfd\xac\x9b\x9d\xca\xed\xb6\xed\x93\xaa\
\x7e\x66\x02\x5a\x04\x60\x25\xd3\x77\x08\x01\xf0\xcb\x40\x50\x62\
\xb1\xc2\x6b\xec\xdc\xab\xc3\x0a\x26\x00\x59\x00\x9c\x42\x7b\x91\
\xbc\x68\x1a\x02\x70\x7d\x75\x43\x80\x18\x76\x85\x93\xb2\x30\xca\
\x99\x80\xdc\x36\x26\x04\xa1\x7c\xe0\xf2\x6f\xb7\x7e\x1c\xa8\x1d\
\x5f\xca\x4e\x47\xac\x75\x27\x5c\x76\x73\x6c\x53\x76\x2a\x77\x2c\
\x26\x05\x3d\xf5\xe6\x3f\x74\x5b\x5f\xb4\xbf\x7b\x92\x48\x60\x29\
\x04\x20\x1d\xad\x4c\x00\x95\x18\xce\x6e\x7d\x57\x43\x00\xf8\xbe\
\x15\x09\xb0\x73\x4b\x91\xe7\x67\x9c\x6b\x3f\x04\x80\xb0\xff\x89\
\x5f\x79\xb5\x0f\xfb\x1f\x28\x3b\x3f\xca\x29\x97\x7f\xcb\x0d\x1c\
\x56\x58\xfc\xa5\xc1\xf1\xa5\x1e\xd6\x8f\x38\x7c\xd3\x75\x6e\x7e\
\x7a\xa2\xb8\x6a\x55\xb4\x43\x1a\xba\xd6\x0f\x01\xb4\xcf\xd8\x43\
\x80\xf1\x2c\xb4\x2f\x0e\x01\x54\x7d\x16\xc6\xbe\x86\x00\x13\x13\
\x13\x9d\x99\xd9\x19\xaa\x88\x05\x8e\x8d\x09\x06\xb8\x4b\xd3\x7a\
\x7c\xdd\x2e\x39\x31\x7e\x03\x5b\xb1\x1e\x9c\x9d\x75\x48\xaf\xd7\
\xa5\x59\x4b\xac\x87\x13\xc3\x67\x0c\x31\xe0\xf0\x52\x17\x27\x83\
\xdf\xa5\x1e\x3e\x4b\x1d\x08\x36\x39\x60\x9d\xea\x55\x48\xbc\x0e\
\xec\xd7\x5b\x93\x6d\x4f\x4c\x7a\x6c\xa4\x2b\x30\x2e\xcc\xcf\xbb\
\x1b\xee\x7e\xc4\x0d\x1c\xbe\x2e\x3e\x0e\x34\xa5\x05\x01\x3c\x1f\
\xdb\x46\x1f\xb2\xda\x9d\x7c\xc5\xb7\x65\x47\x66\x46\xd9\x7b\xe4\
\x71\xf7\xd4\x9b\xfe\xd0\x6d\x8d\xc3\x01\xc3\xd0\x4d\xd1\x0e\x5b\
\x20\x80\x7e\x48\xc0\x12\xed\xf4\x8b\x21\x80\xac\xdd\x7a\x07\xaf\
\x3b\x4e\x1f\x4f\x77\xff\x5f\x39\xc0\x3d\xfb\xc6\xdf\x6b\x74\xfe\
\x33\x3e\x73\xab\x1b\x78\xcf\x2a\xb7\x17\xbd\xbd\xa9\xaf\x69\x0b\
\xe7\x17\x2f\x04\xe1\xf1\xdf\x35\xb7\xdf\xeb\xb6\x77\xfd\x2b\xb5\
\x89\x8d\x75\x7b\x34\x2b\xb0\xb2\xc5\x74\xdd\xca\x44\x66\xbb\xc9\
\xef\x2c\xb0\x7b\xd4\x53\xd9\xad\x5f\xff\x4f\xae\x6f\xc9\x76\x0b\
\xbf\x93\x75\xe2\x3b\xad\x87\x63\x53\x3f\xf0\xeb\x04\xb2\x3f\xb1\
\x9e\xf6\x2d\x10\x59\x17\xaf\x03\x17\x1f\x03\x8a\xb9\xc4\xd8\x64\
\x80\x43\x17\x59\xe8\x51\x42\x8b\x05\x41\x2c\xe6\xb2\x66\x02\x82\
\xb9\x58\x87\x05\x91\x84\x66\x57\x14\x8b\x5d\x2d\x8c\x88\x6e\xc6\
\x47\x47\xdc\xe0\xd0\x90\xdb\xff\xf4\x4b\xfc\x22\xa1\x78\x39\x28\
\x7b\x41\x28\x25\x81\x3a\x22\xd8\x0b\x13\x45\x0e\x5e\xed\x4e\xba\
\xb2\x81\x04\x1e\xdb\xe2\x9e\x7e\xeb\x1f\x55\xc3\x01\xc3\xe0\xb5\
\x73\x64\xce\x29\x1c\x31\xfb\xad\x96\x04\xd2\x7a\x53\xa7\x6b\x20\
\x83\x1a\xe7\x2f\xd7\x19\xbe\x6b\xe1\xfc\xfa\xb8\xa8\x23\x9c\x1f\
\x79\x94\xa7\x0f\xfc\x3d\xd7\x7b\xe8\xe1\x62\xff\xa2\x9c\x71\xf5\
\x77\xe8\x5a\x80\xd8\x89\xa0\x75\xa2\xaf\x21\xeb\x0f\x61\xe7\xc7\
\x8b\x63\x2f\xc7\xaa\xcf\x21\xc7\x03\x47\xd1\x36\x66\xbd\xaf\x82\
\x68\x94\x43\x6d\x29\xd6\xe6\x35\xed\x1f\x03\x56\x6b\x02\xb2\xde\
\xd4\xa4\xfd\x18\xd0\xfb\x89\x8f\x48\x08\xa3\x11\x49\xeb\x59\xb6\
\x20\x8e\x9a\x99\x80\xea\x19\xfb\x0e\x18\xbb\x70\xf6\x52\xea\xf1\
\x9b\x56\x52\xac\xf1\x15\x84\x37\x6b\x94\x75\x5a\x18\xf9\x09\x87\
\x9b\x9b\x76\xa7\x5d\x7e\xb3\x1b\x78\xf7\x2a\x41\x00\x06\x09\xa8\
\x47\x46\xda\xf9\xd9\xc8\xf6\x3c\x16\x24\xb0\xa6\x39\x12\x78\x6c\
\x8b\x7b\xea\xa0\x77\xba\x2d\x2f\x7a\x95\xdb\x8a\x7c\x80\x61\xf8\
\xd2\x41\x32\x87\xd4\x04\xc0\xbf\x6b\x27\x2e\xd4\x67\x49\xa5\x63\
\x10\x80\xa8\xaf\x74\x9c\xfe\x2d\x69\xbb\x40\x00\xfa\x98\x14\x87\
\x72\xfe\x17\x1f\xe0\x9e\x7a\xc3\xef\xba\xde\xfd\x0f\x16\xfb\x15\
\xe5\x8c\xab\x6f\xa5\xa7\x3b\xb8\xf3\xcb\x6b\x63\x4a\x72\x9d\xd3\
\xeb\x1e\xef\xfe\xef\xf9\xa4\x3b\xf1\x8a\x5b\x62\xfd\x89\x73\xb5\
\xc8\x53\x69\xdb\xb5\xf2\x54\xfd\xcc\x04\xc4\x6f\x32\x9f\x55\x9e\
\x08\x14\x96\xc6\x4b\x30\xa6\x7a\xc0\xc2\x39\x0b\x08\xfc\xa2\x3c\
\x13\x50\xcc\xb3\xaf\x23\x00\xce\x1d\xc8\x93\x69\x4b\x00\x3c\x11\
\x48\xea\x51\x82\x45\x64\x57\xf9\xc4\x4a\x04\x20\x13\x7e\xa5\x85\
\x4b\x99\x00\x7a\xd3\x93\xee\x8e\xfb\x1e\x77\xbb\x1f\xb5\xd1\xed\
\xbe\x32\x10\x80\x19\x05\xa4\x8b\x80\x68\x12\x90\xdf\x7b\x12\x58\
\xe5\x4e\xba\xf2\x56\x6a\x4b\xb6\x2d\x31\xf4\x1e\x7e\xcc\x6d\x3b\
\xf0\xed\x94\x13\xa0\xa4\xa0\xe1\x1c\x5e\x8c\xbb\x31\x39\xa5\xd2\
\x31\x44\x3b\x57\x14\x91\x88\xb3\x9c\x4f\xd7\x53\x22\x00\x8d\xb5\
\x5c\x5f\x59\xf4\x31\x89\x90\xf3\xbf\xd5\x6d\xfb\x95\x03\xdc\x33\
\xc8\xf6\x3f\x50\xef\xfc\xa7\x5e\xe9\xc3\x7e\x5c\x03\x7d\x5d\x6c\
\xd1\xd7\xd9\xdf\x00\xf8\x69\xc0\x9e\xc7\x9c\xeb\x76\x59\xb1\xc6\
\xdd\xf1\xc8\x53\xb1\x8d\x76\x04\x60\xcf\x04\x84\x2c\x95\x00\x74\
\x42\xbb\x2d\x01\x20\xe4\xd7\x7a\xfd\xcd\x04\x1c\x1e\x36\x86\x00\
\x46\xf2\xc2\xcf\x26\xf2\x27\x54\x33\x04\xc0\x09\xea\xb0\x87\x41\
\xca\xa2\x9f\xb1\x72\x07\xc8\x0b\xcf\x25\x23\xa9\xa1\x7c\x77\x60\
\x14\x5a\xfb\x0c\x49\x10\x90\xc0\xd4\x84\xfb\xaf\xff\xf4\x79\x9a\
\x1a\x5c\x24\x00\xba\x5b\xb4\x23\x00\x22\x01\x9a\x37\x8e\xe1\x40\
\x3d\x09\x74\x1f\x7d\xdc\x3d\x7d\xd0\x3b\xfd\x23\xc2\x84\x04\x94\
\xe3\x69\xe7\x4f\x08\xc0\xba\x53\x17\x9c\x9f\x1d\xdf\x20\x00\xed\
\x98\x75\x52\x3a\x46\xd7\xab\x7f\xb7\x24\xc3\x28\xb1\x86\x3b\xff\
\xb3\x07\xfd\x7e\x6d\xb6\x1f\xe5\x8c\xab\xbf\xeb\x06\xde\xb3\xda\
\xed\xc9\xd7\xab\x95\x68\x02\xf0\x24\xc0\x04\x80\x17\xc6\xde\xf1\
\x8f\x5f\x88\x6d\xa0\x58\x43\x00\x6b\xe8\x5a\x1a\x02\x98\x89\xea\
\x96\x2b\x6b\x51\x04\xa0\x12\xda\xa5\x99\x80\x98\x93\x23\x97\xc7\
\xb7\x7c\x0b\x58\x24\x36\xdc\xbc\x69\x08\xd0\xeb\xf5\x68\x63\x10\
\xdc\x7d\xe1\x40\x10\x80\xa4\xa5\x90\xb1\xab\x29\x76\x18\x1d\x19\
\x21\x90\xd0\x89\x32\x3f\x47\x2c\x42\x7a\x62\xb7\x52\x10\x00\x36\
\xe6\x90\xba\x58\x07\x0d\xbf\x49\x3d\x90\x07\xb5\x39\xe7\x37\x05\
\x99\x9f\x9f\xa3\x93\x61\x1d\x16\x9c\x0c\x30\x25\x6d\xcf\xcd\xd1\
\xf7\x84\x8f\x36\x63\x80\x6e\xd8\x79\x55\xe9\x79\x8c\x38\x8f\x31\
\xe7\xe6\x66\xdc\xe7\x6e\xbb\x87\x2e\x36\xe6\x04\xe4\x04\xa0\x8d\
\xc6\x0e\xff\x13\x39\xfe\x3c\x4f\x02\x34\x1c\xa8\x27\x81\xb9\xc7\
\x36\xbb\x67\xde\xf2\x47\x6e\xeb\x8b\x5e\x25\x48\x20\x75\xe6\xad\
\x89\x83\x6b\x27\xca\x09\xc0\x74\x26\x2d\x4a\x27\xaf\xb7\x4f\x51\
\x75\x67\xbf\x17\x44\xe3\x88\x75\x70\xd8\x8f\x84\xdf\x83\xf5\x63\
\xfe\xd3\x31\xe6\xef\xdb\xf9\x21\xda\xf9\x39\x0a\xf0\xff\x0e\x1c\
\xfc\x49\x77\xe5\x77\xef\x45\xc3\xc2\x6e\x67\xc8\xf6\x2d\xbb\x95\
\x62\xd9\x2d\x04\x76\x8b\x9b\x9a\xd4\xc5\xf1\x6c\xb7\x5c\x27\xda\
\xd1\x7a\x70\x76\xed\x33\xf8\x4e\xea\xe0\x18\xd8\xbc\xd6\xa3\xe4\
\xa5\xd4\x0b\x18\xf1\x9b\xf7\x05\xf8\xe9\x94\x1b\x1b\x1b\xa9\x56\
\x04\xc2\x26\x86\x9e\x1d\x86\xdc\xfc\x9c\x31\x0f\x80\x67\x02\x86\
\x10\x42\x32\x97\xd4\x8b\xcc\x25\xf4\xb0\x28\xa1\xd6\x43\xe7\xc4\
\xe8\xa1\xf0\xac\x12\x9a\x55\x78\x95\x86\x4d\x6d\xc2\x2b\x8d\x91\
\xda\x9d\x9b\x77\x6f\xf8\xf0\xd5\x6e\xa7\x6c\xbf\x00\x6d\x30\x5e\
\xda\x10\x00\xc4\x27\x06\x57\xb9\x93\x2e\xff\x16\xb5\xa3\xb1\xc5\
\xf6\x91\x13\x78\xd3\x3b\xdc\xd6\x5f\xca\x49\x00\xce\x5f\x4f\x00\
\xf9\x04\x21\xd3\xa1\xb4\x2c\xa7\xf3\x43\x44\xdd\xd9\x6f\x09\xa1\
\xa5\xbf\xe5\x38\xdf\xe2\xb6\x61\x96\x1f\x66\xf8\x61\xcc\xdf\x10\
\xf6\xd3\x98\xbf\x4f\xe7\xaf\xae\x99\xe5\xfc\x3e\x02\xd8\x79\xc5\
\x5a\xf7\xda\x33\x2f\x76\x9d\xe1\x61\x37\x8e\x97\xcc\x82\xed\xc0\
\xe6\x25\x1e\x14\x38\x14\xd9\x17\x36\xfd\x0c\x77\x53\x6b\x98\x6a\
\xcd\x03\x80\x0d\x73\x24\x2d\xeb\xc4\xcd\x2c\xee\xa8\xad\x22\x69\
\xa9\xc7\xc9\x74\xe9\x07\x70\x76\xad\x17\x7d\x2b\xf8\x0c\x45\xc0\
\x61\xfb\x32\xa9\x97\x2f\x09\x16\x4e\x4a\x3b\x57\x04\xd9\x62\xec\
\x42\xf3\x00\x94\x5e\x69\x22\x50\xa2\x37\xd4\x44\x00\x6a\x7c\xa5\
\x48\x0a\xa2\x09\xa0\x84\xf1\x53\xdf\xfc\x09\x8d\x1f\xb3\x3b\x82\
\x61\x3c\x96\x24\x7a\x81\x00\xf0\x78\x90\x9f\x0e\x9c\xd2\x94\x18\
\x8c\xf3\x04\x2a\x12\xd8\x2a\x09\xc0\x70\x9e\xc4\xc1\x12\x02\x10\
\x24\x10\x9c\xca\x9c\x6a\x9b\x10\x40\x53\x1b\xf6\x9d\x3a\xfe\x2e\
\xea\xd4\xc7\xa5\x04\x90\xb6\x91\x91\xd4\x2b\xde\xea\x9e\xfc\x95\
\x57\xbb\x67\xdf\xf4\x9f\x1b\x1f\xf5\x2d\xf6\xce\x9f\x5e\xb3\x9c\
\x00\xf0\x19\x8b\x7f\xae\xf9\xda\x1d\xf4\xea\x2f\x48\x80\x6d\xc7\
\x1a\x4b\x13\x01\x04\x3f\x21\x19\xea\x83\x00\x0a\x79\x2a\x4f\x00\
\x08\xf7\xab\xb6\x4b\x04\xa0\xed\xbb\x44\x00\x51\x0f\x37\xf6\xbe\
\x08\xc0\x48\x5e\x44\x90\x2d\x9c\x6b\x59\x09\xa0\x2e\xc1\xa2\x76\
\x59\x85\xb4\x25\x80\xf1\xc9\x29\x77\xc0\x19\x7e\xeb\xf0\x7c\x4a\
\x68\xbd\xf3\x6b\x49\xc9\x00\x24\x00\x83\x42\x62\xb0\x81\x04\x30\
\x63\xf0\xad\xef\x8c\x89\xc1\x76\x04\xc0\xdf\xe7\x4e\x96\x13\x80\
\x94\x92\xb3\xda\x62\x39\x7f\x42\x00\x4a\x4f\x7f\xef\xc5\x38\x8f\
\x58\x17\xa6\xf8\x7a\xe7\x7f\xe6\xc0\xff\xec\x7a\x0d\xce\x0f\x42\
\x1d\x78\xb7\x77\xfe\xac\xcf\x1b\xa4\x4c\x00\x5e\x70\xf7\x3f\xe0\
\xcc\xcb\xdd\xf0\xf8\xa4\x9b\x18\xad\xec\xac\x96\x00\xc8\x57\xaa\
\x31\x77\x5b\x02\xc0\xe7\x7a\x02\x08\x77\xec\xe5\x24\x80\xd6\x11\
\x00\x33\x9a\x88\x00\x64\x01\xc8\xd2\x10\x40\x16\x00\xc7\x6f\x9c\
\xc9\xa7\x21\x80\x31\x13\x90\x13\x2c\x7c\xd2\xf8\x8c\xb1\x89\x2e\
\xa5\x47\x2c\xb8\x10\xba\xf0\xbe\x6b\x4d\x18\x9d\x5b\x70\x1b\xbe\
\x7e\x07\x25\xef\xb4\x41\xb4\x22\x81\xe3\x83\x58\x06\x17\x23\x81\
\x55\xee\x94\x2b\x9a\x86\x03\x9b\xdd\xb6\x03\xff\xc0\x3f\x22\x44\
\x14\x00\x02\xb0\x1c\x27\x73\x78\x9d\x08\xac\x23\x80\x26\x47\xcd\
\xc5\x72\xfe\x7e\x8e\xaf\x24\x3d\x0f\xae\x6b\x9b\xc8\xf6\x37\xde\
\xf9\xaf\xfc\x76\xc8\xf6\xb7\xbb\xf3\x67\xd7\xaa\x81\x00\xf0\xe8\
\x6f\xd3\xcd\x3f\xa1\xb6\xbc\x3d\x56\xb6\x63\x25\xd3\x12\x02\x08\
\x7b\x00\xc2\xd6\x17\x16\x2a\xcc\x28\x44\x00\x34\x57\xa5\x72\x44\
\xe8\x5a\x89\x6a\xf2\x2d\xac\xfe\x43\xb6\x5b\x4e\xa6\xeb\x21\x00\
\x61\x0c\xab\x02\xcb\xc2\x43\x00\x1e\x36\x13\x46\x6b\xfe\x82\x7f\
\x19\x68\xb8\x7a\x19\x88\xe6\xef\xfb\x30\x05\x27\x00\x22\x80\xe0\
\x33\x40\x7a\x9d\x6a\x2b\x2e\x00\xd2\x7a\x00\x3e\x3c\x32\x42\x27\
\x0f\x81\x2e\x08\x40\xeb\x81\x00\xf0\x1b\x58\x92\xeb\x44\x1b\xac\
\xc3\x82\x0e\x97\x3a\x2c\x39\xc6\x79\x8a\x00\x80\x4b\xea\x59\x18\
\x7b\xdd\x19\xd7\x19\x1e\x75\xbf\x7d\xe6\x15\x6e\xa7\x23\x4a\x2f\
\x8f\xd4\x18\x54\x70\x7e\x8b\x00\x30\x1c\xc0\xfa\x01\x6d\x73\x02\
\xdd\x47\x1e\x77\x4f\xbe\xf9\x0f\xdd\xe6\x5f\x7a\xa5\xdb\xba\x9f\
\x1f\x0a\x68\xc7\x89\xce\x24\xc7\xff\xd9\xd3\x00\x8b\x04\x2a\xe7\
\x95\x92\xd7\x9d\x4a\x42\x00\x7d\x1e\x5b\x27\x54\x1f\x87\xfd\x07\
\x36\x87\xfd\xa7\x5e\xf5\x1d\x37\xf0\xee\x73\xe8\x51\x5f\xd6\xcf\
\x0d\x92\x5f\x9f\x7c\x32\xd0\xce\x47\xac\x75\xaf\x39\xe3\x12\x5a\
\x4c\x64\xae\xd7\x75\xc3\x23\xc3\x94\xd4\x26\xdb\x41\x3e\x60\x7c\
\x3c\xb7\x9d\x5e\xaf\xb2\xaf\xe0\x88\x38\x86\x93\x72\x52\x70\x43\
\x4a\xec\x76\x78\x98\xec\x5e\xd7\x89\x76\xa4\xdd\xe2\x33\xcd\x60\
\x55\x7a\xb0\x65\x6a\x4f\xd4\x69\x61\x4c\x1e\x0d\x86\x76\x81\x45\
\x62\x43\x3f\xcf\xcf\xcd\x75\x06\xe6\xe7\xe7\xe9\x31\x20\x0e\x64\
\x81\xc3\x69\x40\xdd\x5e\x97\x0e\x62\x1d\x7c\xc6\xd4\x5b\xaf\xe7\
\x75\x19\xb8\xd6\x23\xe0\x61\x75\x1f\x06\x84\xe9\x94\x5a\x2f\xe9\
\xdc\x20\xc0\xc2\x27\x26\x05\x59\xfd\x0c\x63\xb7\x97\xd5\x89\x10\
\x09\x2f\x6e\x70\x06\x14\xba\x58\xba\x1c\xe5\xb3\xdf\xbb\x3f\x4c\
\x24\xa9\x99\x17\xa0\x0c\x4a\x8b\x36\x3c\x92\x40\x02\xf8\x8c\xfa\
\x3f\x78\x79\xc3\x70\x00\x39\x81\x83\xfe\xd0\x6d\x79\xd1\xfe\x34\
\x59\x08\xd1\x80\x76\x1e\x2f\xfa\xf1\x60\x89\x2c\x82\xc3\x89\x7f\
\xb5\x24\x75\x16\x8e\x95\x7a\xfa\x6f\x59\x7f\x93\x44\x32\xc1\xf4\
\xde\x17\x1f\xe0\x9e\x39\xf0\xf7\x5d\xaf\xe1\x51\xdf\x29\xf4\x9c\
\x7f\x35\x3d\x9f\x2f\x25\x68\xdb\x8b\x41\xf0\xb8\xfb\x1f\xb2\xda\
\x6d\xba\xe9\x4e\xe7\xba\xd3\xb4\xe3\x94\xb6\x1d\x4c\x43\xd7\x7b\
\x57\xc0\x86\x52\x5b\xdc\x4e\xf6\x49\xbf\x2b\xdb\x05\x29\xc8\x3a\
\xc9\x6e\x8d\x3d\x2d\xe1\x1f\xba\x6d\x1e\x96\xb3\xb3\xe3\x33\xbe\
\xd3\x7a\x88\x70\x75\x7d\x20\x05\xad\x07\x2c\x12\x5b\x98\x67\x50\
\x98\x08\xd4\x72\xec\xb2\x98\x99\x80\x3c\x69\xa7\x76\x7c\x25\x04\
\x60\xf9\x24\xa4\xd0\x44\x20\x35\x01\xa2\x84\x31\x59\x5b\x2d\x90\
\x14\xca\xc2\xf6\xed\xee\x77\xff\xee\x73\x7e\xd1\x50\x26\x80\x3e\
\x49\x20\x37\xb6\x20\x49\x24\xb0\xc6\x9d\xd8\x10\x09\xc8\xe1\x40\
\x79\xb2\x90\x77\xfc\x56\x4f\x0b\xa4\xf3\xb1\x03\xf6\x31\x1c\xd0\
\x7a\xa5\xbf\xeb\xea\x92\x6d\x23\xdb\x0f\xe7\x7f\x9a\x9c\xbf\xfe\
\x51\xdf\x69\x57\xdd\x4a\x33\x36\xa3\xf3\xb7\x26\x00\x63\xfa\x6f\
\xc9\xf9\x0f\x5f\xeb\xde\x72\xf6\x55\x94\xe9\x1f\x0d\xce\x25\x31\
\xa1\x64\x79\x2a\xeb\x49\x95\xca\x53\xf9\x89\x3b\xde\x26\x41\x0c\
\xfa\x3c\xdb\xe6\xa9\x30\x15\x18\xbf\x71\x7d\xf8\x5c\xc2\x88\xe1\
\x08\x47\x23\xd0\xb3\x7c\x8b\x48\x8a\xfd\xaf\x71\x26\xe0\x32\x13\
\x00\x5e\xa0\x60\x90\xbc\xd6\xdf\xf8\x78\x9e\xbc\xe8\x8b\x00\x0c\
\x26\xb5\x30\x7a\x26\xb5\x09\x00\xe5\x9b\x3f\xdb\xea\x06\x0e\x5d\
\xeb\xf6\x80\xb1\x95\xa6\x08\x07\xa3\x6a\xed\xfc\x10\xca\x13\x48\
\x12\x58\xdd\x4c\x02\x0f\x3d\x42\xeb\x09\xa4\xf3\x04\xa4\xb4\x21\
\x00\x31\x1c\xd0\xce\xdf\x47\x42\xb0\xce\xb9\x93\xba\x8d\xb6\xa3\
\x9e\x1c\xf3\x63\x92\xcf\x81\x98\xe4\xf3\x48\xf1\xfc\x51\x4e\x65\
\xe7\x67\xc7\x6f\xed\xfc\x7a\xba\x6f\x59\xf0\xde\x00\x36\xfe\xbc\
\xf6\xf6\x9f\x3a\xd7\x9d\xa2\x45\x3d\x4a\xce\xa5\xed\x1b\x76\x97\
\x62\xb7\x08\xc0\xcb\xd2\x08\x80\xd7\x04\x0c\xd1\x47\xdd\x4c\xc0\
\x3e\x09\x00\xf2\xf3\x25\x00\xb9\x28\x68\xe8\x28\xac\x82\xa2\xf5\
\x24\x01\x30\xd0\xd1\x11\x1f\x72\x49\x7c\x90\xd6\x04\xc0\x0b\x97\
\x52\x47\xfa\xe4\x8d\x4e\xb0\xbc\x6b\xe3\xf5\x14\x0e\x62\x43\x48\
\x93\x04\xe2\x5d\xa5\x85\xe3\x4b\x91\x8f\x08\x31\x6d\xf8\x3d\xe7\
\xb8\x13\x2e\xf9\x66\x6c\x57\x9f\x13\x0a\x72\x02\xdb\xde\xfc\x0e\
\xb7\x39\xbc\x3b\x90\x0e\x07\x2a\xe7\x2f\x13\x40\xee\xa0\x56\x52\
\xb0\x4e\xdf\xfa\x4e\x1e\x93\xfe\x2d\x87\x22\x95\x70\xbb\xd1\xf9\
\x0f\x7a\xbb\x9b\x7b\xa8\xde\xf9\x69\x86\xdf\xc1\x6b\x7c\xc2\x6f\
\x07\x39\x3f\x6d\xfa\x79\x28\x96\xfc\xfe\xb2\x9b\x9f\x9d\x74\xa3\
\x23\xde\x6e\xeb\x08\x20\xde\x39\x4d\x02\xb0\xd6\xac\xf0\x36\xbc\
\x2c\x04\xc0\x3e\x53\x43\x00\x8c\xb1\x89\x00\xa4\x6f\x61\x0d\x10\
\x22\x80\x52\x0e\x20\x39\x71\xac\xfe\x63\xe4\x00\x02\x8b\x24\x1d\
\x64\xe5\x00\x22\x01\x08\x67\xc5\xab\x92\x5a\x8f\xc6\x29\xc2\xa9\
\x21\x3c\xe6\x92\xba\x90\x12\x01\xe8\x3a\x93\x95\x8b\x05\x01\xb0\
\x1e\xca\xfd\xdb\x3a\xf4\x28\x70\x37\xec\x2d\x5f\x20\x80\xd6\x77\
\xfe\x1a\xd9\x13\xc6\xf7\xae\x4f\xba\x0f\x5e\x5a\xbf\x9e\x40\xef\
\xd1\xc7\xe9\xdd\x81\xcd\x2f\x42\x62\x30\x2c\x28\x22\x1d\x2e\xcb\
\x03\x94\x9d\x36\x3a\x62\x46\x00\xe5\xe3\xe2\x77\x46\x12\xd0\x8b\
\x70\xf6\x24\x17\xa1\x08\x00\x09\x3f\x8c\xf9\xf1\x3e\x7f\x83\xf3\
\x9f\x8e\x3b\x3f\x3d\xe7\x67\x87\xce\xfb\xaf\x28\x44\x16\xb9\xb3\
\x5b\xb2\xfb\xd1\x1b\xdc\x5e\x47\x6f\x74\x3f\x7c\x70\x8b\x9b\x9f\
\x99\x0c\xb6\xe3\x09\x40\xdb\x4e\x46\x00\x72\xff\xca\x85\xca\xf9\
\x39\x07\x10\x25\xe8\x33\x01\x64\x76\xcb\x37\xa4\xe0\x33\xf0\x0f\
\xdd\x76\x15\x01\x54\xf6\x8d\xef\xb4\x1e\xf2\x14\xda\x07\x4b\x39\
\x80\x84\x00\xa6\x28\x32\xee\x0c\x8c\x8c\x8c\x74\xe0\x10\x3e\x41\
\xe6\x93\x64\x79\x86\xbd\x7a\x0a\x20\x33\xf2\x56\x86\x1d\x75\xb1\
\x1e\xeb\x36\x3d\x05\x60\xbd\xd2\x53\x00\x9e\xe2\x28\x45\x63\x84\
\x48\x8c\x5c\xa7\x85\x91\xa6\x59\x92\x9e\x9f\x3e\xe9\x16\xba\x7e\
\x2b\xf1\x77\x7f\xd2\x24\x00\xbf\x5a\x6c\x3e\x04\xe8\x9f\x0c\xf0\
\xd2\xc9\x46\x37\xf0\xee\x4f\xb8\x0f\x5c\xf2\x6f\xd1\xf8\x2d\xa7\
\xe8\x3d\xf4\xa8\xdb\xf6\xc6\x90\x13\xe0\x95\x85\xe4\x1d\x57\x25\
\x02\xd9\x31\x73\x67\x95\x43\x00\x2f\xe9\xf1\xb9\xf3\x47\x62\x30\
\x09\x40\xb5\x5f\x22\x00\x90\xcd\x8b\xf7\xf7\x2b\xf9\x34\xbc\xd2\
\x8b\xc7\xa5\xc8\xf6\xd3\x30\xac\xdf\x3b\x3f\xc4\x70\x74\x4b\x70\
\x1d\x11\x85\x9d\x14\xde\xf8\x93\x36\x81\x05\x65\xb5\x7d\x97\x32\
\xec\x6c\x5f\x9c\xe5\xc7\x67\xfd\x14\x20\xb3\xdb\xe0\x5b\xd6\x53\
\x00\x4a\x54\x2b\xbb\xb5\x9e\x02\x58\xbe\x85\x63\xb5\x5e\xf4\x2d\
\x41\x4a\xc0\x22\xf1\x05\x52\x08\x2b\x02\x85\x3b\x39\x0b\x14\x74\
\xa1\x67\x95\x2d\xde\x63\x06\xc8\xf8\x7c\x3f\xe8\x59\xf3\x00\x68\
\xb2\x02\x9e\x91\x0a\x3d\x72\x46\x55\x00\x94\x93\x20\xac\x2b\xd9\
\x55\x16\x1c\xcf\x6d\x63\x2d\x36\x4c\x80\xb0\x30\xf2\x74\x65\xde\
\x4c\x61\x6a\x7c\xcc\x6d\x1b\x1c\x76\xfb\x9c\x74\x11\x3d\x1a\x92\
\x04\x50\xe7\xfc\xfd\x93\x80\x37\x44\xbc\x87\x00\xb2\x39\xa1\x81\
\x04\xba\x78\x8b\xf0\x4d\x6f\x4f\x16\x15\xd1\x43\x82\x3a\x31\x09\
\x40\x47\x11\xa4\x9b\x3a\x3e\x7f\x97\x3b\x7f\x99\x80\x92\x76\x41\
\x32\x70\xfe\x83\xe0\xfc\xf5\x77\x7e\x7a\x9f\x1f\xcf\xf9\x8f\xd9\
\x48\x63\x73\xbf\xa8\x87\xee\x37\x43\xfa\xb8\xeb\xd3\x75\x0c\x11\
\xde\x6f\x9d\x70\xbe\x7b\x72\xc8\xcf\x37\x91\x38\x90\xa7\xd2\xf6\
\xcd\xa1\xb4\x2c\x70\x6c\xe9\x2b\x74\xf7\x0d\x93\x6c\x64\xc1\xdf\
\x70\x52\x5d\x67\x71\x1e\x80\xd2\xd3\xc3\x54\x14\x6c\x8f\x47\xcf\
\xf4\xc3\x5d\x1c\x36\x8c\x48\x5a\x17\x9e\x07\x20\xeb\x03\x01\xe9\
\x92\x6c\x0f\xce\xe1\x81\x35\x76\x41\x01\x48\x72\x42\xd6\x2b\x8c\
\x5d\x00\x3c\x86\xdc\x61\x4c\x62\x8d\xaf\x00\x52\xeb\xb5\x1d\x5f\
\xe1\x6f\x8d\x11\xc2\xe3\x2b\x19\x0e\x59\x18\x75\x78\x85\x63\x30\
\x39\xe8\xd2\x5b\xef\x25\xc7\x4c\x76\x13\xd6\x09\x40\x9e\x04\x24\
\xe6\x02\xf4\x4d\x02\xc7\x81\x04\xce\xa5\xb6\x3e\xd8\xb0\xbc\x18\
\xcd\x18\x3c\xc8\x4f\x1b\xde\xfa\x8a\xb7\xfa\xb9\x02\x41\xda\x10\
\x81\xe9\xc0\x35\xce\x5b\x89\x26\x85\xa6\xf6\x42\x1b\xb4\x98\xc7\
\xab\xdc\xd3\x98\xde\xfb\xf0\xa3\xc5\xf3\x42\x39\x35\x2c\xe6\x81\
\x6c\xbf\x77\xfe\x4a\x1a\x49\xc0\x70\xf2\x3a\xa1\xbb\xff\xa1\xab\
\xdc\xaa\xaf\xde\x0e\x44\x09\x2e\x14\x4e\x54\xb3\x7d\xc3\x26\xac\
\xb1\x34\x85\xd2\x61\xb2\x50\x0c\xa9\x8d\x44\x35\xfe\x06\x01\x48\
\x9f\xc1\x67\x2b\x4f\x85\x47\xe2\x5a\xcf\xca\xa5\xf9\xc7\xe9\x32\
\x97\xd6\x72\x26\x20\x9e\x5e\x94\x66\x02\xea\x45\x41\x9b\x08\xa0\
\xc9\xb9\x22\x01\x88\xa4\x5b\x1b\x02\xc0\xe7\xa5\x10\x00\x2e\x6a\
\x1c\x5f\x71\x9d\xc3\xc3\x26\x46\x4d\x00\x74\x2e\xd3\x53\x0e\x19\
\x01\x7a\x2c\xc8\x09\x41\x41\x02\xc9\x5d\xdf\x20\x80\x45\x91\x00\
\x72\x02\xef\x39\xc7\x9d\x72\x65\xc3\xd3\x81\x47\x1e\x73\x4f\xbf\
\xe9\x0f\xdc\x96\x10\x09\x44\x02\x30\xa6\xe7\x46\x07\x97\x4e\xa9\
\x09\x20\xd1\x69\xeb\xf4\x5a\x72\xe7\xf7\x8f\xfa\x70\xe7\x7f\xbb\
\xeb\x3d\x5c\x7f\xe7\x3f\x0d\x33\xfc\xc2\x4a\x3e\x7c\x37\xaf\x9c\
\xbf\x05\x01\x70\x3f\x1a\xce\x6e\xc9\xf3\x8e\x58\xeb\x0e\x3a\xfb\
\x4a\xff\x42\xce\x6c\xbe\xe2\x6e\xfa\xa4\xca\x3b\x0d\x1c\x53\xeb\
\xf5\x45\x00\xe1\xe6\xd2\x44\x00\xfa\xe6\xda\x48\x00\x62\x5e\x42\
\x89\x00\x34\x99\x15\x09\x40\x4e\x05\x86\x22\x24\x77\x2e\xe7\xc6\
\x8c\x3d\xcc\x2d\xe7\x02\xf0\x54\xaf\x1a\x02\x68\x90\x95\x5e\xd8\
\x17\x20\x10\x00\x9c\x99\x75\xd1\x91\xa4\x23\x86\x00\xf8\xdb\xc4\
\xc8\xef\x5a\x37\x60\x4c\xdf\x58\xf4\x6d\x73\x47\xde\x7a\xff\x13\
\x64\x2c\x7b\x1c\xad\xb6\x14\x97\x24\xb0\x64\x02\xf0\x82\x63\xe8\
\x91\xd4\xc1\xab\xdc\xc9\x4d\xd3\x86\x1f\x7d\x3c\xac\x36\xbc\xbf\
\xdb\xfa\x4a\x90\x80\x58\x6d\xd8\x74\x4e\xff\x99\x1c\xbf\x56\xcf\
\x70\x7e\xd6\x2f\x1e\x57\x49\x24\x97\xe0\xfc\xcf\xbe\xe5\xed\x6e\
\xee\x91\xc7\x8b\xe7\x81\x72\x5a\x08\xfb\x29\xdc\x47\x5f\x58\xe1\
\xbc\xd1\x5f\x96\xf8\x7e\x2f\x3f\xef\x87\xd0\x90\xeb\xf0\x35\xee\
\xda\x3b\xee\x73\xf3\x53\xe3\xb4\xe3\xb4\xc4\x87\x42\x73\x55\xd8\
\x26\xc2\xf0\xb1\x44\x00\xde\x4f\xbc\x7d\xd1\x4d\xb1\x40\x00\x18\
\xba\xca\x50\x1c\x75\x96\x08\x40\x0e\x9b\xa1\x57\x22\x00\x6d\xdf\
\x25\x02\x20\x3d\x31\x04\xe0\x61\x8a\xd4\x23\x02\xe0\xf5\x00\x70\
\x10\x0b\x00\xc1\x19\xe1\x50\x5e\xfc\xbb\xf6\x38\x79\xf9\x9e\xb1\
\x7c\x67\x99\xde\xc9\x1f\x1d\x4b\xde\x59\xc6\xab\x8f\xf8\xd7\x27\
\x19\xd3\x77\xa5\x01\x9c\xeb\xe3\x35\x01\x90\xbc\xa0\xba\xc6\xf3\
\xf7\xaa\xa5\x40\x97\x30\xaa\x3a\x2d\x8c\x20\x1f\xe0\xc2\x0a\x44\
\x38\x06\x9f\x81\xc7\xff\x5e\xd5\x87\xef\xe8\xf5\xcf\x85\xae\x5b\
\x71\xde\x0d\x94\x91\xd6\x86\xc4\x06\x57\x12\x6d\x9c\x4d\xc2\xc7\
\xf1\x0b\x44\x98\xfd\xc6\x45\x5e\xac\x78\x61\x1f\xdf\xea\x9e\x7e\
\xdb\x7f\x71\x5b\xf6\xde\xcf\x6d\xfd\xf5\xd7\xba\xad\xbf\xf6\x9a\
\x28\x58\x3a\x9b\xe4\x57\x5f\xe3\xb6\x06\xf1\xdf\xbd\xd6\x3d\xf1\
\xeb\x5e\xb6\xfe\x3a\xeb\xbe\x96\x7e\xf3\x7a\xaf\x26\x89\xc7\xb3\
\x3e\xe9\xa0\x0d\xd9\x4e\x55\x57\x14\xfa\xee\xb7\xdd\xd6\xbd\xf7\
\x73\xcf\xbc\xf9\xed\x6e\xee\xd1\xc7\x8a\xf8\x51\xe8\x39\xff\x7b\
\xf0\xa8\x2f\xf4\x43\xfc\xb7\xbd\xe3\xeb\x7e\x4f\xf6\xf8\x8b\xf5\
\x30\x69\xfb\xb7\xfd\x0e\x3e\xf7\xeb\x6e\x3b\x92\x65\xda\x6e\x61\
\x13\x63\x63\x64\x27\xd1\x1e\x83\x4d\xc0\x9e\x58\x8f\x64\x74\x94\
\xf4\xd9\xb6\x59\x0f\x0b\xd2\xfa\x35\x29\x52\x81\x3d\xfb\xdf\x95\
\x6f\xc9\xf7\xf7\xc7\xfc\x7a\x00\x52\x0f\x9f\x25\x46\xd2\xc3\x7a\
\x00\x93\xde\xb7\x58\x07\x82\x63\xb5\x1e\xaf\x07\x20\xeb\x63\xdf\
\x62\x81\xbd\x8f\x8d\x8d\x15\x56\x04\x32\x16\xdc\x9c\x33\x92\x17\
\x94\x3c\x54\x09\x3f\x2b\x79\x11\x5f\x62\x10\x7a\x56\x82\x05\x77\
\x75\x5e\xd9\x84\xd9\x0b\x4c\x27\x0d\x88\x8b\x7f\xd1\x22\x65\x39\
\x38\xb4\x2e\x9c\xe0\x8c\xac\x59\x83\x91\x22\x86\xc9\x71\xf7\xd0\
\xd6\xa7\xdd\xaf\xbe\xef\x53\xb4\x13\x90\x45\x02\x96\x11\x6a\x23\
\x6d\x2d\x61\xc2\x50\xf5\x2a\x71\x43\x24\xf0\xd8\x66\xf7\xdc\x9f\
\x1f\xe2\x9e\xfe\xa3\xff\xe1\x9e\xf9\x93\x77\xb9\x67\xfe\xf4\x5d\
\xee\x99\x3f\xf9\x8b\x20\xef\x72\xcf\xfe\xf1\x5f\xb8\x67\xfe\x18\
\xdf\xbd\xcb\x3d\x8b\xdf\x59\xfe\xf4\x5d\xee\xe9\x3f\xfe\x0b\x12\
\xfa\x9d\x3f\x73\x1d\x7f\xfa\x6e\xf7\xec\x9f\xbe\xdb\xff\x4d\x3a\
\xfe\xb7\xa7\x85\xf8\x7a\x43\x3b\x5c\x2f\xbe\xfb\xa3\xff\xe5\x9e\
\xfb\xf3\x43\x9b\xc3\xfe\xf8\xa8\x2f\xf4\xa3\xbe\xf3\x8b\xf9\x16\
\x25\xd1\xfd\xce\xfb\xf9\xf1\xa6\x9e\x5a\x90\xf8\xfb\xe5\xf7\x6e\
\x72\x8f\x0d\x56\x49\x30\x38\x57\xb4\xc7\x60\x13\x56\xa2\x1a\x4e\
\xa3\xfd\x00\x0e\xa6\x0b\x47\xa9\xf1\x4e\x1f\x04\xdf\xeb\x02\xe7\
\xd3\xbe\x50\x97\xa8\x96\x7a\x3c\x0f\x40\x16\x0b\x23\xa2\x75\x5d\
\x80\x45\x62\xa3\xe5\xfc\xca\x8b\x82\xb6\x4b\x5e\xf0\xd0\x81\xc7\
\xe5\x08\x8b\x4a\xa1\x8b\xd4\x43\x9d\xa5\x04\x0b\x8f\xcb\xe3\xb8\
\xdf\x08\xaf\x20\xf9\x9a\x80\x35\x18\x43\x3d\xdc\x76\x11\x23\xea\
\xc1\x5b\x53\x73\x33\xee\x93\x5f\xc5\x76\x62\x56\x14\x90\x47\x02\
\x75\x46\xaa\x7f\x33\x25\x4c\x18\xe2\xe5\xc5\x4e\x6d\x78\x95\x38\
\x7e\x8f\x7f\x7f\x11\x44\xe3\x32\xf0\x9e\x46\x8b\x79\xa8\x19\x7e\
\x85\xbe\x2d\x49\x9d\xf3\xeb\x5d\x7e\x20\xb4\xd4\xd7\x7b\x3e\xe9\
\x3e\xf9\xf5\x1f\x47\x6c\x28\xe4\x5c\x89\xdd\xda\x79\xaa\x76\x33\
\x01\xb7\xbb\x79\xf1\xc6\xaa\xcc\x3f\xe9\x61\x2a\x04\x76\x9f\xd8\
\x63\xcd\x30\x55\xda\x37\xda\x66\x02\xd0\x18\xb5\x9e\xe5\x5b\xfe\
\xe6\x1a\x72\x16\x61\x22\xd0\x92\xdf\x05\xc8\x09\xc0\x4e\x5e\x58\
\x13\x81\x2c\x90\x16\x01\xe0\x4e\x6f\x12\x80\xd8\x1e\x9c\x3b\xbc\
\x88\xb1\x0f\x02\x80\xce\x04\x86\x28\xe3\x63\xee\xad\x7f\xfd\x99\
\xb8\xa9\xe8\x52\x0c\x55\xff\x6e\x8b\x7a\x8b\xb0\x26\x12\xc8\x1c\
\xf0\x17\x45\x14\x4e\x2e\x34\xe6\x4f\x66\xf8\xe5\xce\xea\xfb\x55\
\xf7\x49\x2e\xdc\x9f\x09\x01\x64\x6b\x3a\xf8\x6b\xb4\xd3\xe1\x6b\
\xdc\x41\x67\x5f\xe5\x66\xc5\xe2\x31\x28\x09\x01\x04\xfb\x5e\x3c\
\x01\x38\x37\x1f\xa6\x02\x73\x7d\x7d\x11\x00\x5e\x62\x9b\xcd\xb7\
\xd8\x5b\x2c\x01\xe0\x33\xda\xd0\xd7\xc1\x24\x80\xe1\xe1\xf6\x43\
\x00\x76\x2e\x59\x78\xc1\x4d\x0a\x53\xc2\x7b\xc7\x56\x98\x02\x02\
\xd0\xc9\x0b\x5e\x6e\x49\x16\x09\x92\x24\x9c\x18\x9f\x84\x2c\xd9\
\xa2\xa0\x9d\x21\x1a\xf7\xe8\x12\x42\x1d\xd1\x76\xcd\x10\x20\xe8\
\x21\x92\xd9\x3e\x3b\xe5\xae\xff\xd1\x83\xb4\x9d\x58\xf2\x58\xb0\
\xa5\xb1\xf6\x4f\x00\xd0\x05\x09\xf8\xcf\x4d\x89\xc1\x5f\x74\xe1\
\x42\x63\x7e\x3c\xea\xe3\x3e\x2b\x11\x80\xd1\x1f\x55\xbf\xe4\xfd\
\x99\xdc\xfd\x0d\x12\xa0\x27\x2c\x87\xad\x76\x37\xfd\xc4\xe7\x24\
\x64\xe1\x21\x80\xb4\x6f\x5e\xb6\x4e\x16\x2b\xbc\x6e\x1a\x02\x54\
\xf6\x58\x1a\x02\xe4\x37\x57\xb4\xa3\x4b\x1c\x5e\xb7\xd8\x1e\x5c\
\xea\xe1\x33\x48\x4a\x17\x39\x04\x80\x1e\xf9\x2e\x22\x00\xec\x0c\
\x84\x2d\x8e\x91\x38\x80\x80\x3d\xe0\xb0\xd8\xf9\x97\xfe\x25\xe9\
\x52\x07\xe1\x37\xa9\x07\x47\x02\x00\x29\x00\x29\xf5\x30\xe7\x1f\
\xdf\x69\x3d\x38\x9c\xd6\xc3\xeb\xc5\xa9\x9e\x6f\x3f\xfe\x2e\x76\
\x06\xd2\xdb\x1f\x43\xd0\x69\xfc\x3b\x4e\x10\xff\x46\x8c\xb3\x41\
\x0c\x8c\xf8\x8c\xa9\x91\xf8\x0d\xe7\x0a\x3d\x22\xbc\xed\xf3\xee\
\x90\x8d\xd7\x15\x86\x02\xb9\xa1\x66\x46\x1b\x9c\xb9\xad\xf8\x63\
\x64\x24\x70\x8e\x3b\xf1\xf2\x6a\x9d\x7a\xed\x64\xbf\xa8\xc2\xe5\
\x24\xac\xe4\x03\xe7\x97\xe7\x69\x11\x40\x4d\x44\xa5\x9d\xbf\x12\
\x45\x00\x82\x04\xf6\x46\xe2\xef\x90\x73\xdc\xe1\x9f\xbe\x91\xe6\
\x77\x48\xbb\x41\x66\x7f\x6a\xca\xdb\x04\xdb\x0d\x3e\xc3\x4e\xa4\
\x8d\xc1\x26\x60\x4f\x5a\x6f\x66\x66\x96\x5e\x64\x4b\xec\x36\xec\
\x54\xc5\x3a\x7c\x0c\xb7\x27\xeb\x84\xdd\x4b\x1d\xfc\x8b\x76\x32\
\x7b\x34\x7c\x8b\x12\xd5\x4a\x6f\x32\xda\x6d\xd5\x76\xf4\xad\x80\
\x8d\x8f\x81\x6d\x33\x4e\xdc\x6c\x67\xb1\x33\x10\x6d\x0f\xde\x62\
\x6f\x40\x4e\x5e\x48\x36\xe4\x7d\xf7\x64\x01\xc8\x98\xe4\xa8\x49\
\xb0\x20\xdc\xd7\xc9\x10\x8b\x5d\xb7\x6f\xd7\xec\xea\x99\xd3\xc2\
\x48\x43\x17\x15\x69\xe0\x64\x75\x99\xd6\x09\x96\x41\x1b\xa3\xdb\
\xbe\xe0\x1e\xd8\xf2\x94\xfb\xd5\x0f\x7c\xda\xed\x62\xee\x3b\xdf\
\x60\xb8\x85\x55\x83\x4a\x22\x09\x20\x46\x02\x87\xac\x72\x7f\x79\
\x59\x45\x02\xff\xb7\x94\x13\xf1\x3e\xff\x21\x6b\xaa\x47\x7d\xa6\
\xd4\xf7\x61\xd2\x2f\x99\x14\x08\xe0\xb8\x73\xdd\xee\x2b\x37\xb8\
\x5f\x7e\xdf\x26\xf7\x78\x67\xdc\x2d\xcc\xf9\xb9\xf2\xd1\x26\x86\
\xf2\x97\xc1\x50\x60\x27\x7e\x66\xaa\x8f\x3c\x7d\x32\x2d\xbf\x93\
\xc2\x71\xa0\x27\xfd\x05\xf5\x4a\xe2\x43\xc1\xdf\x56\x24\x0d\xbb\
\xd7\x05\xce\xc9\x7a\xdc\xb6\x85\x91\x93\xe9\xb2\x3e\x6b\x45\x20\
\xf6\x2d\xa9\x07\x2c\xba\x84\xed\xc1\xc3\x8a\x40\x22\xf4\xd6\x63\
\x17\x14\xb0\x08\x2a\x93\x63\x0d\x6b\xec\x02\xe0\xa8\x43\x8e\x71\
\x26\xc3\x96\x46\x52\x0f\x77\x58\xd2\xe3\x5d\x56\xcd\xf1\x95\x31\
\x11\x28\xd4\xab\x31\x42\x70\x3c\xea\x91\x6d\x33\x01\x64\x18\xc5\
\x02\x25\x38\x2f\x73\x0c\x88\x28\xa0\x37\xed\x56\x5f\x77\x87\x98\
\xb4\xd2\x4c\x02\xd1\x48\x6b\x96\x0e\xcb\x74\xf5\x31\x41\x50\x3f\
\x36\xbd\x7c\xcf\xc6\x1b\xdc\x97\x7f\xf8\x90\xbb\xe1\xee\x47\xdd\
\xf5\x77\x3f\xe6\xbe\x7e\xf7\xa3\xee\xeb\x77\xd9\xf2\x35\xfc\xfb\
\xe3\x47\xfc\xbf\xe1\xef\x28\x3f\x86\x3c\x12\x75\xaf\x47\x7d\xf4\
\x7d\xa5\x8f\xef\xbe\x76\xd7\x23\x95\x1e\xb5\x29\xda\xd5\x6d\xdf\
\xfd\xa8\xbb\xe1\xdf\x1f\x73\x37\xfe\xe4\x71\xf7\xaf\x77\x3e\xe2\
\x0e\xc6\x63\x54\xec\xc3\x78\x1c\x16\x45\xf1\x0b\xa3\x2c\x45\xb2\
\x3e\x6a\x20\x00\x4c\xae\x3a\x27\x24\xfe\xb0\xd0\x87\xb6\x47\x2b\
\x07\x04\x3b\x89\x7a\x62\x2c\xad\xf5\xe0\x5c\xec\x27\x2c\x38\x46\
\xe7\xa9\xf0\x37\x6e\x48\x64\x67\x22\x2f\x60\xe5\xa9\x40\x00\x4c\
\x24\x3c\xde\xb7\x30\xf2\x93\x2a\x6e\x17\x9f\x71\xac\xd6\x43\x1b\
\x5a\x0f\x58\x24\x3e\x14\x3f\x13\xb0\x0f\x02\x20\xe7\x12\x04\x50\
\x74\xae\x7e\x08\x40\x74\x78\x4e\x00\xd5\xbb\xd6\xbe\xdd\x2a\x41\
\x98\x61\xec\x97\x00\x24\xc6\x12\x01\x74\x7b\x6e\x6c\x74\xc4\x4d\
\x4f\x8c\xb9\xdf\xf9\xd8\x67\xed\xdd\x67\x8d\xa7\x02\xda\x89\x1b\
\x09\xa0\x30\xad\x58\xfe\x8d\x64\x24\xc6\xb4\x98\xd0\x42\x9f\x85\
\x60\x59\xb3\x4a\xd6\xba\x81\x23\xd6\x45\xd9\x69\xc5\x7a\x12\xf9\
\xdd\x40\xd0\xa9\xf4\xab\x63\xa2\xfe\x0a\x51\x47\xf8\x7e\x60\xc5\
\x86\x20\xf8\xbc\xde\x0d\x1c\xe9\x65\xa7\x23\xd7\xbb\xe7\x85\x7f\
\xf9\x18\x5a\x10\xc5\x38\xdf\x92\xe4\x0e\xde\xf4\xbb\x41\x00\x94\
\xf8\x5b\xed\x0e\x3a\xfb\x6a\xd7\x0b\xfb\xf2\xc1\x41\xb4\x3d\x5a\
\xce\x95\x10\x40\xb0\x09\xcb\xb9\x34\x01\xc0\x2e\xb1\x24\x58\x99\
\x00\x9a\x13\xd5\x9a\x00\x70\x0c\x9c\x5d\xeb\xed\x10\x02\xa0\x99\
\x80\x7d\x0c\x01\x62\xd8\x5c\x78\x7e\x49\x43\x00\x2c\x70\x18\x1a\
\x87\x9e\x15\x5e\xfb\x30\x25\xdd\x58\xd4\x1a\x02\x54\xc9\x8b\x2a\
\x44\x42\xbd\x16\x46\x1c\xdf\x0a\x23\x3f\x07\xe6\x0e\x2a\x60\x04\
\x01\xe0\x5c\x16\x66\x26\xdc\x4d\x3f\x7e\xd0\xed\x7c\xc4\x3a\xb7\
\xfb\xd1\xf9\x62\x21\x99\x71\x1a\x04\xa0\x0d\xba\x64\xd8\xfa\x77\
\x29\x98\x30\x14\x05\x89\xae\xf8\xb7\xd6\x13\x22\xd6\x24\x28\xea\
\x04\x21\x9d\xa8\x7f\x1e\x1d\x5b\xfd\x1e\xfe\x16\x92\xe9\xea\xef\
\x8d\x73\xd0\xa2\xcf\x5f\x4b\x59\x8f\x9d\xbe\xfa\x0e\x89\xbf\x9d\
\x8f\x58\xe3\xfe\xed\xde\x2d\xf1\x1a\x72\x78\x2d\xed\xd1\x0a\xaf\
\x67\x67\xe5\x82\x9b\x21\xbc\x36\x9e\xa7\xfb\x21\x40\x3a\xbb\x0f\
\x53\x73\xd9\xa9\xb8\xe0\x6f\x10\x09\x87\xe2\xb0\x47\xe8\x5a\x43\
\x00\xb4\x33\xd8\x72\x7b\x70\xad\x67\x61\xec\x6b\x08\x30\x3d\x3d\
\xdd\x01\x63\xe0\x4d\x23\x34\x00\x41\x44\xa0\x05\x9d\x36\x3d\x5d\
\xe9\x40\xdf\xff\x36\x59\xe9\x4d\xfa\xcf\xd0\x65\xbd\x52\x7d\x10\
\xbc\x82\x89\x7a\x48\xa8\xfe\x69\x4a\x6a\x48\x1d\x44\x0f\xfc\x1b\
\x61\x0c\x75\xeb\xba\xd0\x76\xa5\xe3\x05\x7f\x67\x7a\x53\x5e\x8f\
\x74\x34\xc6\x80\x9f\x05\xbb\xa7\x70\x7b\x6e\x61\xce\xbd\xf7\xe2\
\x7f\xa3\xd7\x56\x93\x65\xc3\x2c\x02\x80\x2c\x82\x00\xf4\x6f\xb9\
\x70\xc4\x61\x49\xb9\x9e\x0c\x1b\x89\x71\xac\x26\x2e\x22\x04\x9e\
\xac\x04\xe1\xfc\x84\x25\xe9\x31\xfd\x9c\x77\x9d\xb4\xd5\xdf\x3b\
\x6c\xdb\x7e\xd4\xf9\x48\xfc\xcd\x0b\x9b\x48\xed\x91\x6d\x02\x84\
\x2f\x6d\x07\xff\xf2\xb5\xf6\x7a\xb0\x09\xc3\x7e\x12\x7b\xf4\xf6\
\x46\x75\x52\x1d\x69\x9d\x6c\x8f\xec\x5b\xa6\x3d\x2a\x9f\x61\xfd\
\x4c\x2f\x88\xd6\x9b\x0e\x18\x3d\xa6\x54\x4f\x9f\xb7\x3c\x67\x4a\
\x3e\x4e\x4d\xb6\x7f\x0c\x68\x31\x57\x64\xd7\x98\x4c\x1b\xa4\x86\
\x74\x01\x80\xa4\xbe\x41\xfb\x51\x05\xd8\x75\x28\xdc\xe9\x59\xc0\
\xc8\x9a\x5d\x51\xe8\x31\xe0\xa0\x9c\x3f\xdd\x59\x3a\x46\x59\x1f\
\xbd\x0c\xe2\xc3\x2b\x2e\xcf\x8d\x4f\xbb\x97\x7c\xf0\x42\xff\xca\
\x70\xc8\x38\xeb\xbb\x50\x94\xe8\x30\xb6\x41\x6b\xc3\xd6\xdf\xff\
\x9f\x90\xd4\xf9\xa5\x53\xf3\x67\xed\xf4\x96\xa8\x63\x55\xbf\x50\
\x3b\x7d\x48\x82\xaf\x24\xc7\x6f\x72\xbb\xae\xdc\xe8\x7e\xe3\x83\
\xe7\xbb\x87\x9f\x7c\xc6\xcd\x4c\xf8\xc5\x62\x4a\x11\x20\x1c\x15\
\x77\xd2\xca\x26\xf0\x18\x30\xbd\xd6\x28\x31\x94\x16\x76\x6b\xdd\
\x49\xe9\x31\xa0\xb0\x59\x3e\xc6\x8a\x52\x69\x57\xeb\x60\x8f\xec\
\x5b\x36\xc6\x76\x33\x01\xad\x70\xbf\xb4\xbc\xbe\xc4\x17\xf7\x06\
\x5c\xf2\x44\x20\xac\xb7\xb7\x88\xe4\x45\x53\x82\x85\xc7\x4c\xe8\
\x70\x3d\xbe\x82\x24\x13\x81\xc2\xd8\xce\xc2\x48\x63\x40\x35\xa1\
\xa2\x84\x51\xd7\x67\x8d\xaf\xae\xf8\xee\x7d\xf4\x78\x8e\x13\x82\
\xad\x08\xa0\xe1\x6e\xf8\x8b\x22\x29\xee\x25\x88\xee\x8b\x25\x4a\
\x82\xcf\x12\xdc\xfd\x0f\x5d\xe3\xd6\x5d\xff\x43\xda\x06\x1e\xbb\
\xfb\xd4\xe5\x80\xc8\xb9\x5a\x4c\x04\xc2\x1c\x7f\xb6\x45\xd6\xd3\
\x79\x2a\x14\xdc\xb8\xb8\x3d\x69\xbf\x3a\x4f\x05\xc1\xfc\x17\x69\
\x8f\xf8\x5c\xc2\x98\xac\x48\x5c\x37\x11\x48\xe6\x2e\xe4\xaa\x45\
\x0a\xa3\xc4\x17\x97\x04\x5b\x32\x01\xb4\x74\x2e\x5d\x5f\x1d\x01\
\xc4\xce\xa9\x23\x00\x99\x60\xa9\x21\x00\xcc\x07\x68\x83\x31\x4b\
\x02\x15\x08\x00\xe5\x8f\xb0\xc3\xf0\x21\x6b\xdc\x0b\xc2\x23\xae\
\xcc\x20\x85\x61\xf6\x47\x00\xf9\x13\x85\xbe\x44\x27\x28\x69\x88\
\x62\xe8\x09\x29\x63\x16\xe4\x25\xef\xe4\x89\xa3\x2f\xce\xd9\x35\
\x86\x5a\x3c\x0d\xb2\x37\x25\x48\xd7\xb8\xb7\xff\xd3\xb5\x6e\x76\
\x66\xda\x8d\x09\x47\xc4\xb5\xb6\x9c\x0b\x39\x20\x6d\x13\x16\x01\
\x90\x73\x05\x3d\xae\x4f\x3b\x17\x54\x8b\xbb\x57\x19\x04\x80\xe3\
\xb5\x2f\x58\x18\x89\x00\x14\xc6\x22\x01\x28\x3d\x8d\x11\xc5\x9c\
\x09\x58\xdc\x1e\xbc\xe5\x10\x80\x67\x2b\x49\x3d\x2b\x4c\xc1\x09\
\xea\xfa\x4a\x43\x00\xea\x9c\x36\x43\x80\x51\x31\x13\x10\xaf\xf4\
\x76\xec\x21\x00\x63\x24\xbd\xd0\xb6\x35\x04\xf0\xcf\x81\xd3\x19\
\x55\x56\x82\x05\xe5\x8e\xfb\x1e\x73\x7b\xae\x5c\xef\x76\xc3\x2b\
\xc3\x75\x06\xac\x9d\x27\x88\xd6\xd5\x75\x2c\x4a\xac\x09\x36\xe2\
\x29\x85\x16\x8d\x29\xc3\x6c\xe0\xd6\xa2\xeb\xb4\xa4\xdf\x63\xb4\
\x7e\x93\x60\x31\x11\xac\xf3\xf7\xa3\xc7\x9f\x75\x6e\x1e\x76\x56\
\x25\xc9\x06\x0b\xe1\x75\x9c\x07\x22\x66\xd9\x59\x49\x60\x0a\xaf\
\x5b\xcc\x04\x94\x73\x55\x48\x70\xcc\xd0\x90\x39\x04\xe0\x44\xb5\
\xac\xd3\xc2\xd8\x7a\x08\x80\x99\x80\x62\xe8\x5a\xc2\x28\x87\x00\
\xd0\xf3\x33\x01\x87\xaa\x24\x20\x27\x0b\x20\x9c\x28\x60\x41\xe7\
\xc8\x84\x42\xd4\x43\xd2\x41\x24\x16\x90\xb0\xc3\xbf\x5a\x4f\x27\
\x20\xf8\xb3\xa5\x97\xb5\x6d\x24\x15\x4d\x8c\x25\x3d\x91\x18\xa9\
\x6d\x1b\xbf\xab\x24\xa0\xa9\x07\xf2\xd8\x3e\xe7\x3e\xfa\x79\xec\
\x51\xbf\x2a\x49\xa4\x2d\xd6\x88\xb5\x13\xf4\x2d\xb5\xce\xbf\x74\
\x02\xb0\x8e\xd5\xdf\x95\xa4\xdf\xf3\xcc\xf0\x58\x42\xd8\x7c\x84\
\x82\xd0\xff\x94\xab\xf0\xf2\xd4\x42\x48\x88\x35\xd8\x19\xdb\x58\
\x5b\x7b\xb4\xf4\xa4\x9d\x59\xc9\xe6\xc9\x49\xdb\x67\x28\xb1\x98\
\x26\x20\xf3\xb6\x45\x92\xdb\xd4\x4b\xeb\xa4\xc4\x9f\xa5\xa7\xda\
\xd6\x18\xe1\xf3\x53\x53\x53\x9d\x01\x24\x02\xf8\x39\x24\x8b\xc5\
\x5c\xd9\x63\xc0\xc1\x41\x93\xb9\xd0\x10\x3d\x06\x8c\x8c\x34\x68\
\xb3\x2b\x16\x56\xe0\xc7\x2e\x1d\x9f\xb0\xb1\x98\x0b\x77\xff\x84\
\x5d\x83\xe0\x0d\x2c\x5d\x64\x82\xa5\x0e\x23\x3a\x80\x31\x12\x0b\
\x17\x66\x02\x62\x25\x64\xcd\xd6\x9c\x04\x9a\xee\xce\xb9\xd7\xff\
\xd5\x95\xf4\x1c\xdd\x1b\xaf\x91\x0f\x68\x79\x27\x95\xa2\x1d\xa2\
\x51\xb4\xd3\xb7\x70\x7e\x48\x86\xd1\x70\xfc\x45\xe1\x59\x06\xd1\
\x7d\x62\xca\xf1\xe7\xb9\x9d\x8f\xda\xe0\xf6\x3f\xf3\x52\xf7\xcc\
\x60\x87\x36\xf6\xe4\x21\xa0\x2c\x98\x8a\xab\xaf\x75\x7d\x04\xe8\
\xc3\xe4\xda\x28\x35\x79\x0c\x68\x47\xa9\xf8\xbb\x6d\x24\x8d\x48\
\x53\xeb\x59\x18\xe1\xc8\x5a\xcf\x8a\x52\xe9\x31\xe0\xa0\x6d\xb7\
\xb2\xf4\xbd\x26\x20\x3a\x31\x8e\xcf\x0b\x63\x17\x00\x8f\xb3\xec\
\x6a\x76\x34\x49\x26\x02\x85\x24\x07\xaf\x08\x24\x85\x26\x54\xc4\
\x89\x40\x15\xc6\x39\x63\x7c\x85\x85\x44\x62\xe2\xa4\x11\x63\x3a\
\xb6\xb3\x30\xfa\x04\x0b\x9f\xb3\xdf\xd0\x84\x27\x54\xa0\xdc\x74\
\xcf\x16\x9a\x1c\xe4\x5f\x74\xf1\x92\x1a\x69\xee\x50\x4d\xa2\x9d\
\xa1\x56\x1a\xef\xfc\x29\xa6\xcc\xb9\xa2\xd3\xf3\xb8\x7e\x91\x38\
\x76\x80\xe8\x7e\xd1\xe2\x37\xf7\x58\xeb\x3e\x7b\xdb\x3d\x71\x73\
\x0f\x3b\x07\xd4\x2e\x4f\x95\xe5\x80\x96\xb8\x7b\x15\x4f\x04\x42\
\x7b\xac\x87\xcf\x16\x46\x39\x11\x88\xf5\x2c\x8c\x20\x00\xad\x67\
\x61\xb4\x9e\x0c\x14\x27\x02\x0d\x77\x86\x5b\xaf\x09\xd8\x9e\x00\
\xd2\xf5\xf6\x2c\xe7\x4a\x08\x80\x9c\x2b\x4f\x5e\x40\x4a\x04\xa0\
\x31\x42\x3c\x01\xa0\xce\xea\x62\x9b\x18\x8d\x04\x8b\x85\xb1\x22\
\x00\xc6\x08\x02\xa8\x96\x2d\x43\x39\xea\xfc\x9b\xe8\xcd\x3d\x7a\
\x13\x4d\x13\x80\x74\x32\xfd\xbd\xa5\xd3\xcf\xcb\x43\xda\xe9\x0b\
\xce\x5f\x45\x26\x25\x6c\x3a\x8b\xef\x7f\xcb\xda\x8b\x52\x6a\x4b\
\x62\x63\x7c\xfa\xd8\xf6\x22\x71\xea\xef\xfc\x33\xff\x55\xee\x5d\
\xeb\xaf\x73\xdb\xbb\x58\x2a\xbb\xec\x5c\x15\x01\x78\x1b\x2a\x39\
\x57\x42\x00\xe1\x5a\x37\x6d\x5e\xc3\xd2\x9a\x00\x90\xa8\x56\xdb\
\xda\xa3\xf4\x43\x00\xfa\xc6\x65\xed\xb0\xd5\x17\x01\xf0\xcb\x40\
\x1c\x22\x41\xea\x86\x00\x54\x31\x85\x3e\x78\x19\x28\x7f\x8d\x91\
\x86\x00\x22\x0c\x87\x9e\x15\x5e\x7b\x90\x69\x22\xa6\x69\x08\xc0\
\x18\xf1\x6f\x09\xa3\x4e\x9c\x58\x43\x80\x38\x13\x50\xe8\x59\x18\
\xb1\x0a\x92\xae\x4f\x63\x7c\x7a\x6c\xca\xfd\xd6\x89\x17\xba\x5d\
\x56\xac\x53\xd3\x52\x0d\x47\xcf\x9c\xcf\x76\x42\x3d\x6b\xcf\x94\
\x16\x8e\x9f\x13\x80\x15\xa1\xd8\x04\xa0\x9d\xcf\x4b\xa8\x53\xb7\
\x4d\xed\xd7\x61\xd3\xf5\x34\x4b\x19\xc3\x26\xb7\xdb\xca\x8d\xee\
\xc5\xef\x3b\xcf\xdd\xbb\xf9\x49\x37\x3b\xe5\xdf\x51\xc1\x75\xb2\
\xc2\xeb\xf8\x3a\x78\xb8\x86\x48\x0c\x5a\xe1\x35\x0d\x01\xd8\x69\
\x42\x7d\x56\x78\x9d\x0d\x01\xc2\x31\xec\x54\x5c\xf0\x77\xdb\x21\
\x00\x0f\x53\xa4\x9e\x85\x91\x22\x00\x65\x8f\x4c\x00\xb2\xf4\x35\
\x13\x90\x5e\x07\xe6\x57\x17\xf9\x55\x5b\xf1\xca\x22\x0b\x1c\x04\
\x1d\x12\xf5\x5a\xbe\x0e\x8c\xcf\xf8\x4e\xeb\xa1\x0d\xad\x87\x36\
\x80\x45\xea\x69\x6c\x2c\x5a\xcf\xc2\x88\xcf\x6d\x31\xe2\x58\xad\
\x57\xc2\x28\x75\x10\x09\x5c\xf2\xad\x9f\x84\x5d\x86\xa5\x33\x1a\
\x4e\x9f\x39\x9f\xe5\x80\x41\x4c\xe3\x17\x8e\x5d\x70\xfe\x74\x86\
\x9f\x26\x00\x8d\xc1\x6a\x37\x7d\xb4\x97\xb5\xab\xdb\x56\xe7\x1c\
\x45\x0e\x4f\xf4\x6f\xb5\x52\xe9\xeb\xd9\x8a\x1c\x51\x60\xc6\xdf\
\xfa\x1b\x7e\x44\xc9\xd8\xf1\xc2\xab\xb6\x75\x36\x11\xed\x51\xd8\
\x10\xec\x44\xda\x97\x75\xad\xd9\x26\xe4\x2b\xbe\xd2\x1e\xa5\x4d\
\xb2\xdd\xea\xb6\x8b\x18\xc7\x0a\x18\x85\x00\xa3\xae\xaf\x84\x51\
\xeb\xe1\x5f\xa9\x03\x22\xa3\xd7\x81\x4b\x8f\x01\x23\xd3\xa8\xb1\
\x8b\x2c\xa8\x54\x46\x05\x45\xe6\x12\x8f\x01\x2b\xe6\xb2\xd9\x95\
\xd9\x8d\x5f\xcb\x44\xb8\xa3\xd9\x15\x25\x0b\xaf\x08\xa3\xc1\xae\
\x72\x26\x60\x98\xe3\x5d\xc2\x28\x93\x40\xa8\x0f\x17\x45\x97\x04\
\x23\xed\xbb\x3e\xe2\xe6\x66\xa7\xdc\x7f\x5f\xf5\x15\x32\x4c\x6f\
\xa8\x05\x87\x4b\x9c\xdf\x70\x3e\x45\x00\xa6\x73\x48\xa7\x2a\x10\
\x80\x94\xca\x99\xbc\xe0\xd1\x25\xbd\xfc\x73\xe8\xea\x20\x6b\xbc\
\x1c\xb1\xce\xed\x8a\xf7\x1c\xc2\xca\x44\x92\x08\x6a\x1d\x3f\x62\
\xd0\x58\x83\xd4\xfd\x56\x3a\xaf\x82\x00\x0b\xc6\xfd\xff\xf1\x6f\
\x3f\x4b\x3b\x3b\xeb\xa2\xa3\x54\x7c\xb6\x22\x40\x4a\x02\xab\x3b\
\x24\xde\x1a\xd4\x05\x8e\xa2\xf5\x74\x04\x88\x82\xc5\x46\x65\x94\
\xca\x62\x45\xa9\x6d\x1f\x03\xc2\xb1\xf5\xb9\x00\xb7\x2e\xc0\x98\
\xf8\x41\x21\x79\x69\xcd\x04\xac\x5d\x13\x10\x95\xc5\x71\x7c\x61\
\x92\x0d\x9c\x8b\x1b\xaf\x1b\x5f\xb5\x4d\x5e\x20\x74\xe1\x71\x39\
\x8f\x73\xac\xf1\x15\x84\xde\xfc\x6b\x89\x91\x89\x84\x73\x12\x16\
\x46\x1a\x03\xaa\x1c\x47\x23\xc6\x30\x5e\x9c\x9f\x9d\x72\x0f\x3f\
\x33\xea\x5e\xf4\xde\xf3\xdd\xae\xb4\x90\x68\x75\xb7\xca\x9c\xbf\
\x2d\x09\x64\x4e\x62\x38\x4a\xe2\x80\x36\x01\xa0\x1e\x4a\x98\xe1\
\x4d\xc2\xc3\x56\xbb\x97\x9e\x74\xa1\xfb\xa3\x7f\xb9\xd6\x1d\x7b\
\xf1\xcd\xee\x43\x9f\xbb\xcd\x7d\xf8\xf3\xdf\x73\x1f\xb8\xec\x16\
\xf7\xc7\x9f\xf8\x92\xdb\xf7\xe4\x8b\xfc\xdb\x86\x94\xd8\xf4\x93\
\x6c\x22\x0e\xed\xf0\x99\xb3\xa6\xe7\x9b\x63\xb7\xc4\xa8\x53\xd7\
\x2b\xbe\xdb\xe3\xe8\x8d\x6e\xf7\x95\xeb\xdd\xb7\xee\xf1\x8b\x8f\
\xea\x6b\xd3\xcf\x24\x1b\xad\x57\xca\x01\x69\xbd\x52\x9e\x8a\x6d\
\xb0\x31\x4f\xd5\x12\x23\xf0\x68\x3d\x26\x00\x8d\x31\xfa\x41\xb0\
\x5b\x8d\x11\x45\xcf\x04\x0c\xf5\x2f\x1f\x01\x30\x48\xcb\xb9\x98\
\x00\xd2\xe4\x85\xed\x5c\xdc\x89\x8d\x04\xd0\x07\xc6\xca\xb1\xcb\
\x04\x60\x27\x58\x6c\x8c\x09\x49\x51\xc2\xd3\xdf\x15\xd6\x7d\xe3\
\xdf\xc3\x72\xe2\x9b\x68\x96\x60\xe6\xf4\x75\x92\x0c\x09\x4a\x4e\
\x64\x38\xbe\x92\xea\xfd\x04\x2f\x70\xfa\x5d\x8f\x5a\xef\xfe\xe7\
\xda\xeb\xdc\x17\x7e\xf0\x90\x7b\x66\x2c\xbf\x8b\x70\xe9\x4c\x4c\
\xbb\xeb\x7e\xfc\x88\x3b\x78\xe3\xd7\xdd\x1e\x47\xfb\x2c\x7b\x33\
\x01\x54\xf8\xf4\x39\xd9\xf8\x5b\x10\x80\x71\x4e\x7e\x95\x9f\xd5\
\xee\xe4\xcb\x6f\xa6\x35\x1a\xb0\xbc\x37\x8a\xbc\x36\x3f\x17\x02\
\x08\x49\x60\x29\x92\x00\xa4\x58\x04\xd0\x1e\x63\x1f\x04\xa0\xec\
\xb6\x2f\x02\xb0\x86\x00\x34\xcb\x4e\x35\x6e\x26\x2f\xc4\x10\x00\
\x52\x0a\xaf\xb1\xe4\x58\x32\xa4\xa8\x19\x02\x70\x5d\xd0\x65\x0c\
\x7c\x12\xb2\xc4\x35\x01\x91\x44\x6c\xc0\x28\x13\x27\xf8\x6c\x61\
\x94\x09\x16\x3e\x97\x3a\x8c\xb1\xbe\x90\x61\xa6\xdf\x9c\x73\xff\
\xe9\xe3\xd7\x52\x48\xad\x9d\xa1\xb5\x88\x24\x5c\xee\x40\xed\x9c\
\x86\x42\x7f\x6c\x86\x71\xf0\x39\xee\xf7\xff\xee\x1a\xf7\xdd\x07\
\xb7\xe9\xd3\x80\x15\x65\x46\x22\xcb\x0f\x1e\x7e\xda\xfd\xd7\x7f\
\xba\x96\x72\x1b\x7e\xd3\xce\x82\x14\x9c\xbf\xfe\x1c\x5a\x9c\x8b\
\xf8\x0d\xe7\xf3\xbc\x15\x6b\xdd\x01\x67\x5c\xec\x9e\x7e\x6e\xc8\
\x4d\x8c\x8d\xc4\xc7\xc0\xb2\xc8\x21\x00\x5f\x43\x2b\xbc\xb6\x86\
\x00\x56\x12\x98\x5e\x07\x57\x7a\xa5\x17\x6d\xd8\x06\xa5\x58\x43\
\x80\xd6\x18\xc5\x10\x80\xf5\x8a\x43\x00\x65\xb7\x75\x43\x00\xb6\
\xdb\x38\x04\xe8\x76\xbb\x7e\x63\x90\xb0\x49\x06\x04\x86\x8f\x4a\
\xf0\x2f\x7f\x06\x48\x38\x18\xe9\x84\x8d\x3c\xd0\x69\x88\x16\xf0\
\x3b\x09\x36\x06\x09\x9b\x6e\x70\x5d\xf8\x0c\xe7\xe2\x4d\x15\xb8\
\x3e\x38\xa6\xdc\x84\x01\x82\x36\x62\x5d\x61\xb3\x11\xe8\xe3\x24\
\x7d\xbb\x55\xbd\x48\xc4\xf8\x3a\xab\xcd\x1d\x66\x66\xf3\x0d\x16\
\x80\xd1\x9f\x4b\xb5\xe1\x08\x5e\xf3\xd4\x7a\x20\x05\x6c\xd2\xc0\
\x6d\xe3\x33\x30\xf2\xe6\x21\xac\x27\x31\xf2\x66\x10\x8c\xd1\x2d\
\x2c\xb8\xef\x3f\xf8\x24\x0d\x03\x76\x3f\x66\x63\x16\x8e\xc3\xa8\
\xb5\x83\x34\x49\x5b\xa7\xe1\xf5\xf0\x20\x7b\x62\x9c\x7f\xe8\x2a\
\x77\xc6\x67\xbf\xe3\xe6\x17\x2a\xe7\x96\x0e\x5f\x27\xb2\xfc\xf5\
\x17\xbe\x47\x84\x86\x65\xb6\x74\x9b\x6d\xce\x27\xc7\x5f\x73\x1e\
\x2a\xe4\xa7\x7e\x0b\xdb\x85\x61\x68\xf2\x85\xef\xdf\xe7\xdc\x1c\
\x36\xeb\x50\xf6\x18\xae\x0d\xae\x97\xb4\x47\x7c\xc6\x75\x4d\xf5\
\x68\x06\x5c\x6a\xb7\x72\x63\x10\x65\xb7\xba\x3e\x5c\x6b\xd6\x61\
\x3d\x5c\x7b\x59\x17\x0b\xbe\x97\x75\x42\x70\xbc\xae\x33\xc7\x98\
\xfb\x16\x3e\xf3\x0c\x3e\x29\x64\xb7\xc0\x25\xf4\xf0\xf8\x32\xc7\
\x98\xda\x2d\x25\x0a\xb1\x31\x08\x6f\x0d\xd6\x09\xf3\xe9\x21\x3a\
\x74\x41\xc1\x66\x03\x60\x17\x7f\x17\x4f\x99\x4b\xea\x01\x10\x31\
\x4d\x63\x78\x25\x76\x07\x0e\x51\x81\xde\xbf\x0c\x42\xe1\x55\x08\
\xb5\xa9\xce\x90\x1c\xb4\x30\x62\x22\x11\xb3\x26\xdf\xed\x2d\x8c\
\x7c\x07\x60\x36\x94\x77\x80\x14\x63\x95\x04\x62\x3d\x84\x7a\x25\
\x8c\x10\x84\xa7\x27\x5d\xf6\xcd\x64\x21\x51\xb9\x62\xad\x0f\xd1\
\x73\x47\xa9\x13\xed\x34\x49\x98\x2f\xff\xa6\x6d\xb0\x36\xd0\x82\
\x98\xab\xae\xbf\x93\xce\x41\x9e\x53\xbf\xc2\xe5\xdc\x9b\xee\xa2\
\xe7\xee\xf9\x62\x28\x1e\x97\xc6\x6b\x63\x57\xe7\xd1\x20\x91\x30\
\x8f\xf7\x6b\xfb\x1f\x79\xfe\x4d\xc9\xf9\xc0\xd0\xab\x35\xfc\xbc\
\xfd\xc0\xd8\xe5\xf9\xa2\x24\x49\x60\x15\x01\x4a\x3d\xd8\x89\xdc\
\xad\x5a\x46\xa9\x52\x0f\xce\xc4\x7e\xc2\xba\xb8\xee\x7a\x98\x4a\
\xf3\x00\x30\x2c\x08\x75\xf2\xdd\xd9\xc4\x38\x5e\x8e\xa4\xa5\x1e\
\x9c\x56\xeb\x59\x18\xd1\x06\xcd\x04\x0c\x6b\x17\x5a\x76\x8b\x92\
\xee\x0d\x58\x33\x76\x41\x41\x43\xda\xb1\x2d\xe7\x02\x70\xfc\x2e\
\xc7\xe6\xb6\x73\x55\x9b\x83\x72\x7d\x75\xe3\xab\x6a\xdc\x5d\xbf\
\x24\x58\x1b\x8c\x3c\x06\xe4\x3a\xf1\xd9\xc6\x98\x8f\x01\x61\x78\
\x16\x46\x9e\xac\x34\x35\x3e\xea\x06\x87\x3a\xee\x80\xd3\x2f\xa3\
\x69\xc2\xec\xf8\x09\x19\xb4\xb8\x73\xe6\x4e\x54\xdd\x21\x75\x64\
\x21\x05\xce\x72\xd6\x67\xbf\x43\xf8\xe5\xf9\x2c\x56\xb8\xfc\xdd\
\x97\xee\xa0\xc5\x50\xe4\xba\x88\x1a\xa7\x25\x65\xe7\xd7\x7f\x0b\
\x11\x51\xc0\x2e\x47\xae\x73\xbf\x75\xc2\xa7\xdd\x53\x23\xe9\xf5\
\xf1\x6f\x83\x06\x7b\x08\xb9\x1d\xd3\xb9\x8c\xe5\xb6\xb0\xd8\x87\
\xd6\xeb\x27\x09\xcc\x0b\xd3\xb2\xed\x5a\x7b\x57\x90\x4d\x84\x37\
\x56\xa5\xfd\x14\x31\x86\x29\xc5\xac\x57\x22\x00\x6d\x8f\x16\x46\
\xb4\x41\x7a\x01\xa7\x65\xb7\x28\x71\x77\xe0\x1d\x4a\x00\x35\xce\
\x25\x3b\x9c\x08\xa0\x26\xc3\x5a\x11\x80\xbf\xe8\x39\xc6\xf6\x19\
\xd6\xbe\x66\x02\x6a\x92\x2a\x60\x64\x02\x18\x1e\xf1\x51\xc0\x97\
\xbf\x7f\x2f\x25\xd1\xf0\xb6\x9a\x8c\x00\x52\x07\xce\x1d\xa6\x24\
\xf2\xce\x68\x09\x25\xc9\x0e\x5b\xed\xde\xf1\x8f\x5f\x88\xf8\x35\
\xce\xc5\x0a\x97\x3f\x3b\xe7\xcb\xf4\xe8\xb0\x8a\x3a\x72\x9c\x96\
\xd8\xce\x6e\x7c\xaf\xc8\x92\x36\xf5\x3c\xf8\x1c\x77\xf5\xed\x0f\
\x64\xe7\x93\x25\x81\x3b\xe5\x24\x30\xae\x9b\x74\x6c\xcb\xb9\xe2\
\xee\xc0\x62\x26\xa0\xe5\x5c\x4c\x00\xb1\xbe\x06\x02\xd0\xf6\x58\
\x87\x51\xea\x59\x18\x6d\x02\x58\x8e\x99\x80\x85\xdd\x81\x65\x21\
\x02\x68\x33\xcb\x2e\x0c\x01\xa2\x73\x15\x12\x2c\x04\x12\xa1\x09\
\x74\x51\x67\x4d\xf2\x82\x4e\x24\xe8\x91\xae\x20\x29\x59\x70\x3c\
\x87\x7b\xc0\x50\xc2\x48\x11\x40\x68\x9b\xcf\xa5\x88\x91\xda\x1c\
\x26\x5d\xb0\xb4\x89\x11\x21\x29\x4d\x3f\xee\x10\x01\xc0\x88\x40\
\x02\x47\x5f\xf8\x6f\x61\xdd\x00\x9b\x04\x60\xfc\xb9\x93\x78\xd1\
\x4e\xa4\x1d\x3e\x75\x7e\xff\xa8\x0f\xaf\x28\xdf\xb5\xf9\x59\xc2\
\x24\x2f\xf6\x72\x08\xca\xfd\x4f\x0d\xd3\x13\x0e\x0c\x05\x72\x7c\
\xf5\x52\x26\x00\xe3\xce\x1f\xfa\x07\xc3\x8e\x3f\x3b\xe7\x8b\xaa\
\xb7\x7d\xa1\x17\xbf\xd8\xc8\x31\x15\x18\xdb\x7e\xd7\xcc\x55\x61\
\xdb\x29\x25\x81\x41\x00\x74\xad\x03\xa1\xe0\x5a\x33\x01\xc8\xa2\
\x87\x00\xe4\x5c\x21\xbc\x96\x05\x7f\xfb\xfd\x2b\x2b\xbf\x92\x43\
\x00\x59\x68\x26\xa0\x0a\xed\xe1\xec\xba\xf0\x10\x80\x7d\x10\xe7\
\xa2\x57\xad\x42\xa1\x21\x80\xd2\x03\x01\xe8\x42\x33\x01\x47\x46\
\x46\x3a\x78\xa5\x10\x0a\x2c\xa8\x00\x8e\x07\x27\x83\xe0\x33\x25\
\x58\x46\x46\xa2\x0e\x3a\x09\x80\xb4\x1e\x3a\x17\xbf\x49\x3d\x38\
\x97\xd6\xc3\xdd\x55\xea\xa1\x6e\x74\x38\xeb\xb0\xa0\xc3\x25\x36\
\x08\x2e\xbe\xc6\x08\xc1\xf1\xba\x6d\x0b\x23\x08\xa0\xd2\xf3\x8c\
\x6f\x62\x9c\xed\xd2\xef\x6d\x30\x72\x02\x86\xa5\x3b\x3d\xe9\x06\
\xc7\x26\xdd\x3e\xa7\x5c\xec\x76\xc6\x34\x61\x45\x00\x1c\xe2\x5a\
\x4e\xa1\x9d\x47\x3b\xbc\x16\x9a\x1b\x7f\xd8\x6a\x77\xc8\xb9\x5f\
\xe3\x4b\x9b\x39\xf0\x52\x85\x56\xbe\x70\xce\x1d\x7b\xe1\x37\xe9\
\x71\x5c\x8e\xb1\x5e\xa4\xb3\x7b\xdc\xf5\x04\xb0\xeb\x4a\x6c\xea\
\x79\xae\xfb\xd9\xe6\xa7\xa8\x6d\xdd\xe7\x56\x32\x0d\x36\xa5\xaf\
\x21\xae\xab\xb6\x09\xbc\x36\xac\xf5\xf0\xfa\x6c\xb4\xef\x31\xaf\
\x07\x9b\xd7\x7a\x58\x25\xc8\xeb\x55\x75\xc2\x1e\x61\x03\x99\x4d\
\x84\xf6\x64\xdb\x16\x46\x10\x00\x6e\x96\xd1\x1e\x47\xfc\xca\xc5\
\x5a\xcf\xf4\xad\x09\xc3\x6e\x95\x6f\xe1\x33\xa2\x63\x89\x0f\xd7\
\x74\x6e\x6e\xae\x33\x30\x3f\x3f\x4f\x8f\x01\x71\x20\x0b\x0e\x22\
\xf6\x50\xa1\x0b\x0e\x62\x1d\x7c\xae\xc2\xab\x6a\xbc\x0f\x90\x5a\
\x8f\x12\x2c\x59\xe8\xe2\xf7\x2f\x93\x7a\x68\x83\xc7\x74\x1c\x5e\
\xa1\x5e\x89\x8d\x05\xf9\x02\x1f\x9e\x57\x21\x5b\x3d\xc6\x2a\xdc\
\xb7\x30\xfa\x79\x00\xe9\x98\xd2\xc2\x88\x0b\x0b\x4c\x51\x28\x04\
\x1c\xa5\xd7\x93\x25\x3e\xec\x17\x87\x05\x2a\x2e\xba\xf9\x2e\xca\
\xa2\x9b\x7b\x0a\x64\x24\xb0\x38\x02\x00\xb1\xe0\x31\xd9\x37\x7e\
\xea\x57\xc3\x95\x8e\xbb\x9c\x82\x72\xfb\x83\xdb\x68\x93\x14\xac\
\x14\x9c\xe3\xec\x5f\x2c\x12\xf4\xdb\xa5\x7f\xd2\x6d\xba\xf9\xdf\
\xa9\x4d\x72\x24\xb6\x0b\xea\xf7\x61\xba\x0e\xc0\x24\xaf\x0d\x88\
\x80\xae\xa1\x18\x16\xc0\xf6\xb4\x5e\x95\x03\xaa\xf4\x40\x14\x5a\
\xaf\x94\x03\x92\xd7\x19\x7a\x70\x28\xb6\x7f\x29\x78\x54\x29\xeb\
\x84\x94\xf2\x54\xba\x6d\x4a\xcc\xab\xa1\x0b\x70\x6b\x3d\x3f\x4c\
\xd5\x76\xeb\x87\xa9\x52\x0f\x58\xb8\x4d\xd4\x87\x79\x06\x4b\xdf\
\x1c\x54\x3a\x97\x20\x00\xad\x57\x22\x00\xad\x47\xe3\x2b\xd5\x89\
\x4c\x00\x12\x1f\x24\xdd\x1d\xb8\x7e\x22\x90\x6e\xdb\xc2\x88\x2d\
\x9f\xaa\xfa\xea\x31\x56\xce\xcf\x04\x90\x63\xc4\xdf\xe3\x63\xa3\
\x6e\x7e\x66\xd2\xfd\x7f\xab\xff\xd5\xdf\x35\xb5\xf3\x1b\x04\xa0\
\x1d\xc4\x8b\xe1\xf4\x42\x76\x39\x6a\x9d\x7b\xe5\x69\x17\xbb\xc9\
\xd9\xf4\xfc\x97\x5b\x50\x7a\x73\xf3\xee\x75\x1f\xba\xc2\xed\x7c\
\xd4\x7a\x8f\x4d\xbe\xd4\x94\xe1\x6e\x23\xd5\xf9\x73\x7d\x03\x87\
\x61\x89\xaf\xcf\xc7\x0d\x47\x29\xbf\x12\x86\x56\x92\x00\xf4\xb5\
\xf1\x04\x90\x3a\x8d\x95\x03\x5a\x4a\x12\x38\x4b\x54\xd3\xcd\xd3\
\x26\x00\x10\x83\xbe\x1e\x25\x02\xd0\x6d\x33\x01\x48\xbd\xf2\x44\
\xa0\x2a\x1f\x51\xb2\x5b\x60\x91\xd8\xe2\x92\x60\x4b\x25\x80\xd8\
\xe1\x35\xdb\x83\xc7\x04\x4b\x0b\xe7\xd2\x9d\xd8\x8a\x00\x1a\x66\
\x02\xea\x73\xb1\x30\x12\x01\xa8\x05\x4e\x4b\x18\x2b\x02\xf0\xb9\
\x01\xbe\x2b\x48\x7c\xf8\x1b\xdf\xf7\xa6\x27\xdc\xfd\x9b\xb7\xb9\
\x17\xbd\xf7\x3c\x9a\x91\x97\x0c\x05\xa4\xe1\xd7\x4a\xee\xf4\x52\
\x10\xfe\xff\xf9\xaa\x2f\x11\x3e\x89\x77\xb9\x85\x87\x01\x87\x9c\
\x7b\x3d\x39\x69\xe2\xfc\x8b\x26\x01\x79\x2e\x9b\xdc\x1e\xc7\x6c\
\xa4\xc4\xe9\xdd\x5b\x9e\xa3\xb6\xb8\x1f\x2b\xe7\xaf\x27\x00\xe9\
\xd8\x25\x02\xa0\x25\xc1\x16\x4b\x00\x59\x12\x78\xc7\x10\x40\x5f\
\x33\x01\xc9\x07\x24\xc6\xf1\x64\xb7\x66\x14\x8a\x52\xc2\xf9\x42\
\x50\x17\xed\x0e\xbc\x54\x02\x88\x1d\x59\xb3\x3d\x78\x9c\x66\x4b\
\x2c\xde\xf0\x88\x85\x1d\x7f\x99\x09\x40\x5e\x6c\x1b\x63\x4e\x00\
\x18\x9b\x69\x3d\x4f\x00\xe1\x6e\xd4\x82\x00\x80\x0b\x2b\xd5\xae\
\xfe\xda\x1d\xb4\x84\x58\x32\x14\x50\xc6\x5f\x96\xdc\xe9\x13\x02\
\x38\xe4\x1c\x77\xca\x15\x7e\xff\x40\xdd\x4f\xcb\x2d\x28\x67\x5f\
\x7b\x87\x9f\xed\x98\x38\x7f\x35\x85\xb9\x3f\x11\xe7\x8f\xbb\xff\
\xc1\xe7\xb8\x8f\x7d\xf9\x0e\x6a\x07\x25\x27\x00\x7f\x7d\xe6\xc4\
\x96\xdf\x8c\xab\x2d\x01\x2c\x29\x02\x30\xa6\xd9\xee\x68\x02\x60\
\x8c\xf5\x04\xe0\xdb\x8f\x18\x9b\x08\x80\xb7\x07\x2f\xe6\x00\x42\
\xa5\x5c\x31\x9e\xdb\xa3\x32\x39\xae\xe0\xc7\x87\xf2\x8e\x58\x1c\
\x5f\x07\x3d\x9f\x74\xf3\x8f\x58\xb4\x1e\x1c\x38\xa9\x2f\x08\x27\
\x37\xa4\xe0\x24\x51\x0f\x25\x64\x82\x9e\x95\x03\xa0\x28\x45\xe8\
\xe1\x73\x09\x23\xd7\xc7\xe7\x0c\x02\xd0\x7a\x94\xa7\xe0\xf3\x08\
\xe7\x8c\xfe\xd2\x18\xf1\x37\x1b\xee\xc4\xf8\x98\x9b\x99\x9a\x74\
\x7f\xf0\xf1\xcf\xfb\xc7\x68\x21\xe1\x55\xcd\x09\x68\x22\x81\x7a\
\x3d\x10\xc0\x3f\xff\xab\x77\x1a\xbe\xe8\x3b\x4a\x50\xd6\xde\xf8\
\xef\x06\x01\x68\xcc\xfd\x09\x9e\x64\xec\xb4\x62\xad\x7b\xd3\x47\
\xae\x74\x33\xbd\x6a\x7c\x2f\xfb\x51\x8a\x95\x03\xa0\x25\xb7\x95\
\x3d\x5a\xe3\x6b\x22\x00\xb6\xc7\xa0\x57\xca\x01\x68\x3f\x80\xdd\
\xc9\xeb\x0c\xbd\xf9\x79\x24\xaa\x53\x7c\x56\x9e\x02\x42\xc3\x14\
\x55\xa7\x85\xd1\xfb\x96\x7f\x2a\xc1\x18\xcd\x1c\xc0\xec\xac\xd7\
\x09\x7d\x84\xfa\xd0\x0f\x1a\xa3\xce\x5d\xc5\x08\x20\xee\x0d\x28\
\x7e\xd4\x19\x76\x7c\xc6\xf3\xc6\xe1\x61\x99\x59\x1c\xa5\xa9\xb7\
\x5a\x0f\x53\x81\x87\x85\x53\x02\x90\x99\x61\x0f\x99\x4a\x12\x10\
\xce\xc8\x08\x85\x2e\xac\xc3\x7a\x00\xce\x27\xc7\x6d\x23\xe9\x86\
\x69\xc1\xba\xce\xc5\x3d\x05\x28\x3f\xa9\xc0\x85\x21\xbd\xa0\xcb\
\x06\x20\x31\x22\xf9\xc7\x19\x5f\xd9\x37\x38\x0e\xdf\x73\x9d\x28\
\x3f\x7d\x62\x90\xe6\xe8\xef\x16\xa6\xd5\xe6\x04\x90\x3b\x77\x25\
\x85\xdf\x69\x61\xcc\x55\xee\x13\xd7\xfd\xe0\xe7\x48\x00\x77\xa7\
\x04\xa0\x31\x2d\x42\xf0\xcc\x7f\xe7\x23\xd7\xb9\x1b\xee\x7a\xc8\
\x6d\x9f\x45\xb6\xdb\xf7\xa3\x27\xd7\x34\xc3\x0e\x89\xd7\x3a\xe8\
\xe0\xb3\x95\x61\xcf\x9f\x02\xd8\x19\x76\x2c\xd8\xe9\xf5\xd8\x6e\
\xf1\xc4\xc7\x7a\x0a\xd0\xf3\xb6\x2d\x48\xc9\x63\x4c\xf1\xe1\x65\
\x25\x7a\x3a\x21\xda\xf6\x37\xd2\x1c\x23\xa2\x54\xe4\x93\x2a\x9f\
\x19\x31\x31\xe2\x3b\xba\x99\x09\xbb\xb5\x9e\x54\x48\xdf\x62\x3d\
\x6d\xb7\xb8\x96\xf3\x78\x0a\x30\x54\x33\x11\x48\x16\x74\x38\x3d\
\x3b\x8f\x20\xab\xd0\x45\x16\x80\x24\xbd\x10\x82\x95\xe7\x01\xf0\
\x34\x5b\xd6\x2b\x3c\x63\xc7\x3c\x80\x40\x24\x71\x1e\x80\x9a\xab\
\xe0\xcd\x32\x9d\x07\x80\x67\xf7\x32\x04\x94\x05\x04\xa0\x9f\x93\
\x5a\x18\xd1\x91\x84\x31\x84\x56\xf8\x8c\x0e\xd5\x05\x18\xa9\x5f\
\x42\xbb\x78\x26\x2d\xfb\x51\x3a\xcf\xdf\x5c\x7b\x9b\x1b\x78\xf7\
\x27\x7d\xf8\x5f\x24\x81\x82\xb3\x4b\x09\xce\xb7\xf7\xf1\xe7\x51\
\x0e\xe0\xac\x6b\xfc\xec\x3f\xed\xb0\xcb\x2d\x28\x1f\x8b\x43\x80\
\xc5\x86\xfd\xfa\x5c\xce\xa3\x97\x8e\x4e\xbc\xf2\x16\xe7\xe6\x7c\
\xb4\x88\x3e\xe7\x3b\x25\xfa\x57\x17\xba\x93\x46\x3b\xf3\x8b\x78\
\xf2\x10\x50\x16\xda\x1d\x98\xc3\xfd\xa0\xc7\x43\x40\x59\xaa\x17\
\xd6\x7c\xbb\xd0\xe3\x61\xaa\x2c\x3c\x4c\x85\x3d\xd4\x61\x5c\x58\
\xe0\xe9\xca\xd5\xbc\x14\x08\xe7\x2e\x64\x41\x3b\xd1\xce\x20\x05\
\x8c\xf8\x4e\xcf\x17\xb0\x30\xa2\x1f\xc8\xbe\x83\x0f\xd6\xd8\x6d\
\x7f\x33\x01\x39\x24\xf1\x04\x60\xef\xba\x42\x2c\x45\xe3\x7d\x1f\
\xb6\xd4\x8d\xaf\xe2\x85\x09\x17\x51\x8f\xaf\x20\xd1\xb9\xe2\xf8\
\xc5\xb7\xaf\x31\x42\xb2\x31\x60\x01\x63\x3a\x06\xf4\x8f\x4e\xb0\
\xe7\x9b\xd6\xe3\x31\x60\x85\x31\x1f\x03\x7a\x8c\xf3\x31\x4c\xe3\
\x76\xf1\xaf\xc6\x88\x82\x21\xc9\x9b\x3f\x7a\x05\x2d\xc0\x81\xd9\
\x7b\x72\x92\x10\x25\x07\x17\x43\x00\x47\xac\x75\x07\x6f\xfa\x3a\
\xd5\xaf\xdf\xf2\x5b\x4e\xe1\x24\xe0\x8a\x4f\xdd\x44\x6b\x06\xc8\
\xb5\x0b\x5a\x8b\x41\x18\xcf\x5b\xb1\xce\xbd\xfa\xac\xcb\xdd\xe8\
\xd4\xac\x9b\x9e\x80\x9d\x55\xb6\xc8\xce\xa5\xb1\x10\x01\xa8\x6b\
\x53\xca\x01\x49\x3d\x5c\x4f\x2b\x07\x04\x02\xa0\x1b\x42\x68\x17\
\x7a\x75\x79\x2a\xbe\xce\x3c\x94\xd0\x18\xf1\x37\x11\x80\xa8\x13\
\x62\x25\x2f\xad\xe9\xca\x3c\x11\x48\xea\x61\xae\x82\xac\xaf\x84\
\x11\xfd\xa0\xf5\x80\x45\xe2\x43\x89\x04\xd0\xd7\xaa\xc0\x92\x00\
\x68\x49\xac\x9c\x00\xc8\x69\x82\x5e\x2d\x01\xc8\xad\x8f\x8c\x2d\
\x8d\xa0\x9a\x6c\x0f\x2e\x1e\x05\x69\x8c\x90\xc4\x28\x6a\x48\x2a\
\x12\x80\x38\x97\x62\x82\x45\x12\x85\x89\x31\x27\x00\x16\x0b\x23\
\xde\x66\xfb\xe6\x4f\x1e\xa6\xbd\xec\x90\xf1\xe6\x84\xa0\x9e\x25\
\xd8\x0f\x01\xec\xb2\x72\x83\x7b\xc3\x87\xaf\x70\xbd\x39\x7f\x17\
\xd2\xf8\x96\x4b\x50\x70\x67\x3b\xe8\xaf\x3f\xe3\x9e\x77\xd4\x06\
\xb1\x80\x89\x81\xaf\x24\x6a\xd8\xc0\x6f\xfa\x7d\xfd\x9e\xcd\x54\
\x3f\x3b\x41\x24\x52\xc3\xb9\x20\x71\x2c\xdd\x96\x00\xf8\x5a\xd3\
\x93\xaa\xdc\xb9\x98\x00\xa2\x63\x17\x9c\x6b\x29\x04\x80\xcf\x25\
\x8c\xe9\x8d\x66\xb8\x40\x00\xd5\xba\x1a\x10\x7c\xc6\xb1\x5a\x8f\
\x72\x69\xea\x5c\xca\x04\x80\x1c\x40\x4b\x02\xf0\x4e\xe3\x1d\x11\
\x9f\x2d\x02\x40\x0e\xc0\x0f\x15\x7c\xc7\x94\x08\xc0\x27\xfc\xd2\
\xd5\x83\xf5\x33\x56\x0f\xb2\xca\xb0\xd2\x89\x87\x7a\x35\x46\x48\
\x12\x01\x84\xc7\x22\x65\x02\x48\x87\x33\xd8\x95\x58\xeb\xc5\x08\
\x40\x10\x45\x89\x00\x48\x47\x12\xc0\x48\xde\x8f\x10\x4c\xd2\xc0\
\x34\xe1\x53\xae\xf8\x16\x85\xbd\xf4\x28\x50\xcf\x0d\xe8\x93\x04\
\x30\x7f\x60\xb7\x95\xeb\xdd\x1d\x8f\x3c\x95\xb5\xb7\x9c\x82\xf2\
\xd3\xad\x83\xb4\x5a\xd0\x9e\xd4\xfe\xd2\x08\x20\xee\xe8\x7b\x01\
\x76\xf4\xe5\x6b\x5d\x39\x57\x1b\x02\x68\xe7\x5c\xd5\xb5\xc6\xf0\
\xcc\x8c\x00\xfa\x98\xab\xc2\xa1\x3f\x49\xb0\x0f\x8d\x91\x08\x20\
\xd8\x7f\x33\xc6\x30\xcd\x3e\x12\x4b\x21\x02\xa0\x35\x2b\xd2\xfa\
\x70\xac\xd6\xb3\x22\x00\xe4\xa8\x24\x3e\x14\x22\x80\x5e\xaf\x47\
\xeb\x01\xe0\xc4\x58\x70\xe2\x38\x00\x9d\xcc\x82\x0e\x92\x3a\x10\
\x38\x36\x98\x05\xfa\x10\x7c\xc6\x33\x56\xad\x07\xe0\xf8\x8d\xeb\
\xc2\x67\x5c\x18\xad\x07\x87\x93\x6d\x42\x50\x2f\x4e\x48\xeb\x62\
\x0e\x34\xd5\xc9\xf5\x8e\x8e\x16\x31\xca\x73\xc1\x31\x20\x29\x24\
\x69\xa4\x1e\xee\x0a\x4d\x18\xe1\xd0\x6d\x31\xe2\x6f\xdf\x8f\x42\
\x37\x60\x74\xdb\x17\xdc\xe8\xe4\xb4\x3b\xe0\x4c\xbc\x31\x98\xbe\
\x2b\xc0\x91\x40\x95\x1b\x80\xb3\x14\xc8\x20\x46\x01\x48\x04\xae\
\x76\x27\x5c\xfa\x4d\xba\xb0\x3b\x6a\x18\x80\x72\xd6\x35\xb7\xb9\
\x81\x43\x45\xf8\xbf\x28\x02\x38\x8f\x22\x17\x4c\xf7\x7d\xd9\x49\
\x17\xb9\x2d\xcf\x0c\xba\xe9\xc9\x09\x4a\x02\xeb\xeb\x87\x7e\xf4\
\x7d\x97\xf6\x39\xae\x03\x1e\x05\x4a\x5d\x5c\x2f\x7d\x0d\x61\x7b\
\xba\x4e\xdc\x00\x90\x3c\xe4\x6b\x02\x3d\xd8\x89\xd6\xc3\xfc\x15\
\x5d\x1f\xae\xa9\xd6\x63\x8c\x95\x3d\xfa\x3a\x3d\x46\xa1\x5b\x58\
\x0f\xa0\x84\x91\xed\x16\xeb\x1f\x00\x2f\xbe\xd3\x7a\x78\x7c\x5d\
\xf5\x8d\xb7\xb7\xcc\x6e\x03\x46\xbc\x2e\xcf\xed\x82\x04\xf1\x1a\
\x80\xb9\x22\x10\x31\x25\x27\x11\x14\x73\xc9\x42\xec\xaa\xf4\xac\
\xe4\x05\xb1\xab\x7a\x91\xc8\x4a\x5e\xc0\xc1\x58\x07\xc2\x2c\xc6\
\xc6\x27\x0b\x3a\x44\xd6\x89\xcf\xed\x30\xda\x09\x96\xb6\x18\x69\
\x4a\x25\xe9\xa4\x77\x00\x8d\x11\x7f\x73\x64\x93\xf4\xe3\x5c\x85\
\xf1\x86\x7b\x36\xbb\x9d\xb0\xfe\x9e\x78\x63\x30\x93\x36\x39\x81\
\xe3\xfd\x04\x1a\x2c\x95\xbd\x65\xc8\x27\x52\xb5\xf3\x2e\x55\x50\
\x9e\x19\x9d\x74\xbf\x7e\xc2\x05\x6e\x37\xbc\x0c\xd4\xaf\xe3\x07\
\x01\x59\xc1\xf9\xb1\xe8\x28\x42\xff\x8b\x6f\xb9\xdb\x6f\xec\x51\
\x5e\xba\x3a\xf6\x9d\xb4\x0d\x2b\x51\x0d\xc3\x96\xc9\x5d\x7c\x6e\
\x93\x04\xc6\xe7\xda\x24\xb0\x48\xba\xc1\x19\x75\x91\x18\xa5\xe8\
\xc4\x20\x0a\x30\x6a\xbb\x2d\x61\xd4\xf6\xc8\xc3\x54\x59\x38\x4a\
\x8d\x36\x86\x97\xea\x0c\xbb\x05\x16\xc6\x85\xfa\x1a\xb7\x07\x47\
\x65\x32\xf4\xb5\x43\x97\x30\x76\x11\x7a\xa5\xf0\x8a\x1c\x45\x8c\
\x5d\x4a\xe1\x95\xd7\xf1\xe1\x34\x63\xd0\xe1\x15\x24\x9d\x0a\x5c\
\x1e\x03\xc6\xd9\x8a\x7d\x61\x0c\x1b\x43\x18\xe3\x2b\xc2\x18\xea\
\x22\xa9\x99\x0a\x8c\x7e\x94\xba\xd4\x8f\x81\x00\xb8\xbe\xe3\x2e\
\xf2\x8b\x87\x90\x83\xa8\x28\xa0\xf5\x50\x80\xc3\xe9\x43\xd7\xb8\
\xa3\x3e\xed\xc3\x69\x89\x7b\xa9\xc2\xc9\xbf\x0f\x5c\x7a\x4b\x9f\
\x2f\x02\x29\xec\x21\x5a\x79\xe1\x7b\x31\xdd\x77\xad\xfb\x7f\x57\
\x7f\xd9\xcd\x4d\xfb\x97\xcc\x60\x13\xe8\x2f\xdd\x36\x27\x81\xc9\
\x16\x84\xe0\x3a\xe8\x6b\x03\xe7\xd2\x36\x51\x1e\x02\x8a\x5c\x51\
\x61\x98\x9a\x39\x57\x31\x09\xdc\xc7\xa2\xa0\x94\x4c\x4f\x7d\xab\
\x84\xd1\xdb\x6d\x75\x2e\xc5\x3c\x55\x52\x5f\x78\x87\x45\xe9\xd1\
\xcd\x55\xf4\x5f\xed\x54\x60\x72\xae\xe5\x26\x00\xae\xaf\x0d\x01\
\x90\x5e\xe8\x50\xc3\xb9\x08\x63\x36\xa1\xa2\x86\x00\xd4\xd3\x8b\
\x32\xc6\x54\xaf\x15\x01\x8c\xf8\xe7\xb2\x1a\x63\x91\x00\x04\x46\
\x94\xe7\xc6\xa7\xdd\xcb\x4e\xbe\xd8\xed\x7c\x64\x35\x4d\xf8\x05\
\xc7\xa6\x2b\xef\x34\x12\x40\x18\x0a\xe0\x05\x1d\xac\x41\x70\xe9\
\x77\xee\xa5\xba\x97\x6b\x28\x80\xf2\xd9\xef\xdd\xef\x06\x0e\x5b\
\x47\xe3\x7f\x7e\x67\x41\xfe\x2b\xa5\x8e\x00\x20\x58\x5e\xec\xc5\
\xef\x3f\xcf\xfd\x74\xf3\x36\xd7\xc5\xc6\x1e\x85\x71\x2a\x44\x3b\
\x57\x2b\x02\xe0\x19\xa7\xe2\x51\xb5\xd4\xab\x92\xc0\x81\x00\x8a\
\x8b\xd6\xb4\x27\x00\xfd\x14\x08\xb2\x64\x02\x90\x7a\xad\x09\xa0\
\x9a\x64\x27\xf5\x80\x45\xf6\x5f\xa8\xbf\x66\x08\xa0\x43\xd7\x42\
\x78\x1d\x9f\x37\x36\x0d\x01\x62\x7d\x61\xb9\xa5\xd2\x9a\xfb\xe1\
\x19\x3a\x49\xb8\x48\x7c\x12\xb2\xc0\xb9\xda\x62\xec\x6b\x98\x22\
\x16\x19\x65\x02\x90\x05\x86\x47\x61\x99\xb8\xd0\xe8\x2f\x8d\x11\
\x7f\xf3\x85\x6b\xc2\x78\xd5\x6d\xf7\xd2\xbb\xef\xcf\x3f\x76\xa3\
\x20\x00\x41\x02\x2d\x09\x80\x9c\xeb\xe8\x73\x69\x48\x71\xdd\x5d\
\x8f\xc6\xfa\xa5\x31\xf4\x23\x5c\x6e\xfe\xd9\x56\x9a\xa8\xb3\x1b\
\x32\xff\x35\x8e\x9f\xbf\xcc\x64\x13\x00\xf2\x15\xeb\x6f\xbc\x93\
\x92\xa1\xe8\x13\x48\xe9\x59\x35\x70\x70\xdf\x51\x5f\x52\x7f\x96\
\x87\x00\x7e\xb7\xa9\xaa\xbf\x4b\xe1\xb5\xb7\xdb\xea\x5a\x5b\x43\
\x00\x5c\x2b\x1e\x02\xa0\x5d\xd8\x47\x1d\xc6\x88\x2f\x48\x71\x08\
\xa0\x6c\x62\xd6\xd8\x61\x8b\x49\xaa\xd2\xab\x1b\x02\xa4\xe7\x8c\
\x36\x74\x01\x16\xaf\xe3\xfb\x0f\xe7\x4b\xab\x02\x4f\x8c\x8f\xfb\
\x9d\x81\xc6\xfd\x0e\x22\x10\xfc\x8d\x93\x47\xe5\x2c\x38\x00\xbf\
\x41\x8f\x75\x91\xbc\x90\x7a\xf8\x0c\x90\xa4\x27\x77\x39\x99\xf4\
\x8b\x19\x4a\x3d\x3c\xd2\x00\x50\x6e\x93\x8f\x91\x6d\xb2\x50\x5d\
\x42\xaf\x84\x91\xdb\x93\x02\x67\xd7\x7a\x11\x63\x10\x7c\xc6\xf9\
\x49\x1d\xc2\x18\x76\x58\x69\x8b\x91\xeb\xac\xc3\x98\xf4\x63\xe8\
\x23\x4c\x65\x3a\x78\xd3\xf5\xf4\x54\x60\xef\xe3\x40\x02\x5e\x24\
\x09\xd4\x46\x01\x91\x00\xce\x73\x7b\xe3\xa5\xa3\x95\x58\x3f\x7f\
\x83\xbb\xe8\x5b\x21\x12\x58\x04\x09\x70\xf9\xcc\xed\x0f\xd0\x22\
\x20\xbb\x1c\xb5\x81\xc2\x77\xdd\x76\xd9\xf9\x73\xa1\x61\xca\xe1\
\x6b\xdc\x3b\xfe\xe9\x0b\x6e\xae\x3b\xe3\x16\x42\xe2\x97\xfb\x1b\
\xfd\x15\xfb\x59\xf6\xf7\x6c\x7d\x7f\xd7\xda\x63\xe8\x6f\xd6\x1d\
\x1b\xc7\xa2\xb0\xe9\xae\x3b\xbd\xae\x5f\x5c\x53\xd7\x87\x6b\x85\
\x09\x6b\x1a\x23\xdb\x0d\xfb\x42\x93\x4d\x48\xd1\x18\xb1\x03\x35\
\x25\xaa\x95\x2f\x68\xbb\xc5\x67\xc6\x28\x85\x30\xca\x73\x51\x76\
\xcb\xe7\xa2\x31\x86\x84\x76\x67\x00\x4b\x03\xb7\xd9\x1b\x90\x96\
\xdb\xe2\xa4\x44\x60\x1a\x54\xa4\x0b\x40\xea\xa8\xc0\x62\x57\x1c\
\xdb\x96\x5d\x79\x0c\xd4\x84\x11\xc7\xeb\xa4\x4d\xed\x1d\x20\xd4\
\xd9\x4f\x12\x08\x77\x75\x5d\xe4\x5d\x8a\xa5\xf6\x0e\xa0\xfa\x11\
\x4f\x05\x9e\x1c\x99\x74\xbf\xf6\xfe\x4f\xbb\x5d\x8f\xc4\x3a\x82\
\x39\x01\x54\x13\x84\x72\xc7\x22\x91\x24\x70\xfc\x79\x94\xa8\xc3\
\x9d\xf6\xe8\x4f\xdf\xe8\x36\x0f\xaa\x68\xcb\x70\x78\xe9\xf4\x28\
\x58\x83\x0f\x1b\x86\x0c\xac\xd8\x40\x75\x59\xce\x0f\x69\xe3\xf8\
\x8c\x0f\x2b\x09\xed\x7d\xfc\xb9\xee\x07\x0f\x6c\xa6\xcd\x54\x74\
\x81\x51\xca\xfe\xa3\x7f\xfb\x48\x02\xf3\xb0\x40\x96\x90\xec\x4a\
\xae\xb5\x15\x01\xc2\x69\x2a\xbd\x10\x01\x1a\xc9\x34\xc6\x28\xed\
\x11\xf6\xa9\x31\x92\xdd\xaa\xbd\x01\x4b\x18\xfb\x5d\x11\x48\xea\
\xc1\xb9\x75\x41\x1b\xda\xb7\x0a\x76\x2b\xde\x05\x10\x21\xad\x1e\
\xbb\xa0\x00\xa4\x9e\xb8\x63\x8d\x5d\xd0\xb9\xf8\x4d\x8e\x49\x8a\
\x63\x17\x95\xb0\xa9\x1f\x5f\xb1\x78\x7d\x8d\x11\xc2\xe1\x95\xac\
\xd3\xc4\x18\x13\x2c\xd5\xf8\xaa\xf5\x18\x50\xbf\x0f\x8e\x39\xd5\
\xd6\x38\xb5\x30\x57\x01\x17\x2c\x59\xb4\x22\xcc\x0f\x47\xb9\xe0\
\x96\x7b\x68\x51\x4f\x1e\x0a\xe8\xb9\x01\xb5\x43\x01\x31\x0c\x00\
\x09\xc0\x31\xf7\x3c\x76\x23\x0d\x2d\x7e\xe3\x84\x0b\xdc\x87\xae\
\xb9\xcd\xfd\xfb\xe6\xe7\xaa\x79\xd3\x85\x72\xef\x93\x1d\x77\xf6\
\x17\x6e\x77\x2f\xc5\x2e\x41\x87\xad\xf5\x0b\x7f\xf4\x3b\xdb\xcf\
\x10\x7e\x54\xf9\x77\x5f\xfc\x2e\x65\xfd\xf1\x48\x0a\x45\xf6\x77\
\x9a\x04\x2e\x27\x58\x21\x7e\xbc\x1f\x74\x8d\xfc\x0a\xd7\x89\xeb\
\x2a\xed\x0c\xd7\xd0\xcc\x01\xc9\xf5\x20\x38\x07\x64\xac\xb7\x47\
\x43\x40\x79\x9d\x0b\x18\x39\x07\x94\xd8\x78\x21\x77\x41\xc3\xd4\
\x60\x67\x6c\xb7\xc5\x79\x00\xca\x1e\x79\x98\x2a\xf5\xd0\x0f\xba\
\x3e\x9d\x60\x45\xa9\x26\x02\x85\x97\x63\xb8\x62\x6d\xb8\x28\xde\
\x70\x97\x8f\x00\x00\x52\x76\x64\x1d\x01\x50\x5d\xbc\x1a\x4c\xcd\
\x54\x60\x7a\x1b\x4c\x5d\x44\x13\xe3\x52\x08\xc0\xc0\xc8\x04\x20\
\x8d\xa2\x88\x51\x6e\xb3\xce\x18\x45\x24\xf5\xdf\xcf\xf9\x12\x39\
\x2d\xee\xf6\x16\x01\xd4\x8d\xb9\xe3\xf7\x98\x1c\x24\x76\x18\xa6\
\xfd\x00\x0f\x5d\x4d\xb3\xee\xfe\xe3\xdf\x7e\xce\xbd\xef\xd2\x5b\
\xdc\x3f\x5f\xf7\x23\xf7\xa9\x5b\x7e\xe2\xce\xbf\xe5\x1e\xf7\xc9\
\xaf\xdf\xe9\x4e\xb8\xe2\x5b\xee\xf7\x3e\xfe\x05\x3f\x2f\xff\xd0\
\x35\x6e\xd7\x95\x76\xc8\x9f\x0b\x47\x26\x52\x72\xe7\xc7\x0a\xc9\
\xff\xe1\x6f\x3f\x43\x8b\xa4\x8c\x0e\x57\xe3\x54\xd9\xdf\x79\x82\
\xd5\xbf\xcc\xa2\x9d\x0b\x92\x27\x81\x97\x48\x00\xfc\x14\x48\xd4\
\x57\x22\x80\xe4\x3a\x87\x97\x73\x34\xc6\x98\x04\x56\x04\x50\xb7\
\x3d\x78\x13\x46\x10\x80\x3e\x17\x8e\x00\xa4\x9e\x24\x00\x92\x3a\
\x02\x88\xcb\x82\x37\x84\xd7\x69\xe8\x0a\x3d\x3b\xbc\x06\xf0\x34\
\xe9\x66\x87\xd7\xe8\x08\xe8\x71\x9b\x08\x59\x4a\x43\x00\x3e\x09\
\x4e\x60\xf8\x24\x50\x01\x63\xdb\x24\xd0\xe0\xa0\xaf\x13\x6d\x0f\
\x0e\xda\x18\xe3\x0b\x4b\x55\x08\x67\x61\xc4\xa2\xa0\xdc\x9e\x94\
\x52\x3f\x0e\x0d\x85\xb6\x0d\x8c\x0f\x3f\x8b\x3d\x06\xcf\xa3\x99\
\x7d\x6d\x08\xa0\x95\x88\xa7\x04\x3b\x1d\xb5\x9e\x16\xf3\xa0\x8d\
\x41\xc3\x7e\x81\xfe\xf3\x1a\x37\xb0\x62\xbd\xdb\x13\xf9\x06\xe1\
\xf8\xba\x2e\xed\xdc\xb9\xf3\xe7\x24\x00\xe2\x41\x4e\xe2\x96\x7b\
\x1e\x76\xf3\xd3\x13\x6e\x70\x70\xd0\xec\x47\x4a\x02\xc7\xeb\xec\
\x13\x56\x30\x74\x36\x58\x59\xe8\xd1\xa1\x4a\xe4\x59\xe1\xb5\x1c\
\x02\x40\x67\x70\xd0\x1e\x02\xcc\xce\x86\x9d\xa1\x82\x7d\x75\x06\
\xed\x45\x6a\x69\x08\x10\x16\xfa\x64\xfb\xb1\x30\xe2\x6f\x10\x49\
\x32\x4c\x29\x60\x84\x13\xc3\x26\xa2\x2f\x0c\x0e\x9a\x18\x69\x08\
\x20\xed\x96\x86\x00\x39\x46\x39\x04\x88\xbe\x55\x1a\x02\xcc\xcc\
\xcc\x74\x70\x00\x2a\x67\x81\x33\x40\x90\xbc\x43\x12\x05\x9f\x01\
\x08\x9d\x04\x63\x65\x81\x23\x91\xde\xd4\x54\xf2\x59\xea\x40\x70\
\x2c\xde\xca\xe2\x3a\xa5\x1e\xb7\xe9\xf5\xaa\xb6\x2b\x0c\x93\xe1\
\xf7\xd0\xf6\x0c\xea\xd4\x18\x7d\x9d\x5c\x4f\x1b\x8c\xa4\x1b\x04\
\x9f\x4b\x7a\x1a\x63\xd2\x3f\xac\x3b\xe5\xdb\xd6\xa2\xcf\x05\x82\
\xbe\xc0\x6b\xd4\x98\xc1\xc5\x18\xe5\xef\xd8\x60\xec\x9c\xaf\xfd\
\xc0\xef\x34\x9c\x39\x7f\x20\x00\xb1\xf9\x68\xa3\x70\x34\x90\x0c\
\x11\x0a\x92\x39\xb7\x45\x02\x29\x09\xe5\x8e\x9f\x12\x00\x4f\xf7\
\xfd\xab\xcf\x7f\x8f\x72\x1d\xd5\xb5\x9e\x16\xe7\xed\xfb\x1b\x42\
\xd7\x83\xfa\x27\xef\x47\xeb\x5a\xcb\x6b\x83\xeb\x90\x5c\x97\xd8\
\xdf\x95\x1e\x84\x7f\x93\x82\x05\x38\xfc\xf5\xa8\x6c\x2d\xc5\x58\
\x89\xbe\xce\x6d\x31\x4a\xbd\xb4\x6d\x6f\x8f\x16\x46\xd8\xbf\xf4\
\x19\xaa\x33\xea\x55\x18\x49\x4f\x9c\x97\xac\x4b\xdb\x2d\x04\xd1\
\xed\xe4\xe4\x64\xcd\x63\xc0\x36\x09\x16\xb5\x6e\x59\x29\xc1\x02\
\x00\x32\x11\x83\xfa\x8a\xec\x1a\x58\x8b\x66\xda\x85\xb5\xce\x34\
\xbb\xa2\x64\x18\x0b\xec\xaa\x31\xe2\xb3\x85\x11\x46\xa7\xf5\x78\
\x7c\x25\x4b\x92\x04\x0a\x91\x09\xb0\x68\x8c\x7c\x07\xd0\x11\x84\
\x85\x11\xed\xb0\xde\x18\xde\x57\x9f\x1c\x77\xbf\x8f\xc5\x43\xf0\
\xc6\x9d\x76\x40\x1d\x15\x10\x39\x68\x27\x35\x24\x23\x02\x31\x8d\
\xb7\x05\x09\x64\x38\x48\xe4\xb2\x66\x5a\xfc\x31\x58\xac\xf4\x0d\
\x1f\xbe\xd2\x4d\x75\xd3\xf3\xb6\xee\x52\xe8\x2f\x5d\x38\x02\xe4\
\x3e\x67\x7d\xeb\x31\x20\x3d\x1a\x16\xd1\xe7\x50\x5d\x04\xa8\x93\
\xc0\x13\x56\x04\x98\xef\x0d\x68\x45\x2e\x1a\x23\xcf\x12\xb5\x22\
\xc0\xc5\x26\xaa\x71\x5e\xf8\x4e\x17\x1d\xee\x23\x02\xb6\x7c\x0b\
\x58\xb8\x4d\xd4\xd7\xbc\x3d\xb8\x1a\xa7\x16\xc7\x57\x62\x1c\x56\
\x5c\x13\x30\x8e\xaf\xaa\xfa\xac\xb1\x4b\x95\x60\xa9\xc6\xfb\xd6\
\xf8\x0a\x92\xcd\x04\x6c\x89\x11\x9f\x8b\x18\x95\x9e\x95\x60\x49\
\x12\x55\x61\xdc\x6f\x61\x2c\x25\x81\x2c\x8c\x32\x09\x84\x49\x31\
\x08\x93\x7f\xf4\xd0\x13\x6e\xcf\x63\x91\xcd\x57\x0e\xae\x9d\x7f\
\x11\x24\x50\x4b\x00\x0d\x24\x50\x11\x81\x88\x4a\x02\x06\x3d\x75\
\x19\xa1\x3f\xde\x75\xf8\xda\x8f\x1f\xce\xce\x99\x72\x40\x6a\x3c\
\xab\xc7\xa9\xdc\x8f\x7c\x3d\xb8\x0f\x21\x56\x32\xcd\xca\x0b\xb0\
\x73\x49\x3d\x38\x12\xda\x93\x6d\xc3\x4e\xb4\x5e\xdb\x1c\x90\xc6\
\x58\x97\xa7\xd2\x89\x6a\x7c\x6e\xc6\xb8\x5c\x13\x81\xaa\x3c\x55\
\xed\x4c\xc0\xfe\x08\xa0\xe5\x2c\xbb\x96\x09\x16\xdf\x89\x8b\x20\
\x80\xd2\x54\xe0\x96\x04\x80\x10\x29\xd1\xab\x9b\x0a\x2c\xf4\xf0\
\xd9\xc2\xb8\x58\x02\x60\x43\x43\xf9\x87\xaf\xde\xe9\xf7\x18\x0c\
\x4e\xe7\x9d\xcf\x72\xfe\x96\x04\x20\x1d\x59\x3b\xfd\x62\x09\x40\
\xe0\x90\xef\x2f\xf8\xac\xff\x2a\x77\xec\x05\xd7\x3b\xb7\x3d\x3f\
\x67\x49\x00\x7c\xce\x25\x02\xb0\x66\xd9\x69\x02\x40\xad\x7a\x49\
\x30\x7c\xb6\x9c\xab\xed\xa2\xa0\x78\xbe\xae\xaf\x4b\x1d\x01\x48\
\x8c\xf8\xb7\x89\x00\xb8\x4e\x0b\x23\x9c\xbd\xb2\x9d\x1d\x43\x00\
\xc5\xed\xc1\x51\x51\x4c\x54\x51\xd8\x50\x13\xba\x22\x29\xc1\x27\
\x33\x64\x87\xd7\x38\xc1\x24\xc1\x22\xb2\x97\xb2\xc8\x21\x00\x0b\
\xc0\xf2\x49\xc8\x42\x18\x07\xab\xc4\x49\x29\xbc\xc6\x85\xa5\x50\
\x2a\x60\x2c\x0f\x53\xd2\x5d\x57\xf0\xb9\x8c\x31\x1d\x7a\x00\x8b\
\xc6\x88\xbf\x3d\x46\x31\x04\x28\x0c\x53\xb8\x1f\x59\x07\x6d\xcf\
\xf5\xba\x0e\xaf\xf7\xbf\xed\x6f\xae\xa1\xe9\xbd\x95\xf3\x69\xe7\
\x2f\x38\xb8\x76\x74\xfd\xbd\xfc\xcd\x12\xad\x93\x91\x40\x4e\x00\
\x32\x0a\xd8\x65\xc5\x3a\xf7\xf2\x93\x2f\x70\x9b\x9f\x7c\xca\xf5\
\x66\xf2\xd0\x95\x86\x00\xe2\x9c\x29\x31\xd8\x30\x04\x90\xb2\x60\
\x25\x81\x47\x43\xa2\x5a\x5c\xeb\x62\x78\xdd\x22\x09\x8c\xb7\xf7\
\x92\x70\x7d\xb0\x79\x08\x90\x60\x2c\x0c\x01\x70\xae\x55\x9d\x83\
\xad\x31\xda\x43\x00\x9f\xa8\x66\xdf\xc2\xe7\xa6\x21\x00\x24\xbe\
\x0c\x34\x3d\x3d\xd5\x01\x1b\x4f\xcf\x4c\x93\x63\x98\x32\x25\x3e\
\x0b\x3d\x00\x02\x9b\x4a\x5d\xbc\x6a\x9b\x1d\x6f\x08\xb6\xe8\xe6\
\xcf\x9c\xac\xe0\x3a\x2b\x09\x6d\x50\xbb\x33\x59\xdb\x53\xd3\x5e\
\x0f\x18\xa2\x1e\xea\x0b\xc2\x7a\x12\x23\xd7\xad\xf1\x90\x90\x6e\
\xd0\x8b\x6d\x84\xdf\x02\x3e\xfc\xee\x8f\x67\xc1\xef\x46\x7d\x41\
\x2f\xb6\xa7\xdb\xe5\xfa\x18\xa3\xaa\x03\xdf\x2d\xcc\xf5\xdc\xad\
\x3f\x7b\x8c\x96\x13\xdf\xc3\xd8\x63\x90\x09\x20\x77\x6a\xf5\xaa\
\xae\x0e\xf5\x33\x7d\xeb\x98\x82\x7e\x0b\x02\xa0\x1d\x8a\x0f\x5d\
\xed\xbe\x70\xc7\xfd\xce\x2d\xf4\xdc\x64\x72\x0d\xd3\xeb\xec\xfb\
\xdc\xff\x5e\xba\x2e\xb2\x1f\x59\xe8\xfa\x8a\x3e\x24\x3d\xfa\x57\
\xd4\x91\xd8\x4f\x5e\x1f\xb7\x1d\xeb\x65\x3d\xe9\x0b\x4b\xc0\xa8\
\x75\x4a\x7a\x89\x6e\x68\x3b\xc1\x88\x73\x6a\xd2\x13\x78\x53\x3d\
\x61\x67\xc1\x5f\x20\x88\x6e\xa6\xa6\xa6\xc2\x4c\xc0\x49\xbf\x72\
\x2e\x8b\xc5\x5c\x7e\xe3\xcd\xe6\x04\x0b\x1a\x92\x77\x5c\xb0\x0d\
\x1a\xd4\x05\x77\x00\xfc\x26\xf5\xea\xd8\x55\xde\x71\x21\x78\xf6\
\xae\x8b\x4e\xb0\x80\x69\x2d\x8c\xc0\x93\xb0\x70\x61\x26\x20\xb1\
\x6b\xd0\xa3\xb6\x5b\x26\xaa\x18\xa7\xd5\x8f\xc9\xe3\xd4\x70\x57\
\x29\x61\xc4\xef\x58\x52\xfc\xc4\xcb\x6f\x8e\x6f\x0c\xa6\xce\x5f\
\x25\xdb\x6c\xe7\x2f\x38\x75\x76\x4c\xe9\xb8\xdc\xf1\x53\x11\x49\
\x40\x71\xf7\xc7\x64\xa6\x43\x37\x5d\x1f\xcf\x25\x46\x80\xe1\x9c\
\xd1\xf7\xd6\x5d\x2a\x8b\x00\xc3\x31\x3a\xba\x42\xc1\xb5\xd6\xf6\
\x53\x8a\xae\xd0\x5e\xec\xef\x42\x04\x88\x1b\x90\xb6\xdb\x72\x04\
\x98\xde\xe9\xad\x28\x95\x23\x40\x6a\xb7\x01\x23\xda\x61\x7b\x64\
\x3b\x03\x1e\x5d\xf0\x9d\xd4\x2b\x45\xa9\x68\x63\xb0\xef\x99\x80\
\x3c\xa6\x35\x92\x17\x28\x7e\x26\x60\x8b\xf1\x95\x5c\x13\x30\xe8\
\x31\x01\x48\xbd\x38\x11\x48\xe8\xb5\x1d\x5f\x41\x34\x46\x08\x8f\
\xaf\x64\x87\x5b\x18\x81\x47\xeb\x59\x63\x40\x3f\x5b\x91\x13\x3b\
\xcd\x93\x95\xe2\xf9\x84\x71\x9b\x85\x31\x99\x08\x14\xea\xc4\x5c\
\x77\xdd\x36\x11\x00\xf2\x15\x13\xe3\xee\xb9\xa1\x61\x77\xc0\x19\
\x97\xb9\x9d\x56\xa8\xb9\x01\x92\x00\x8a\x4e\xdc\xe0\xd0\x4d\x04\
\x60\x1d\xa3\x48\x40\xca\xae\x47\xad\x73\xbf\xf9\x97\x9f\x72\x4f\
\x74\x2a\xc3\x9c\xed\xe6\x7b\x2e\xd4\x25\x81\xa3\x84\x6b\xa4\xf3\
\x2b\x10\x2b\xe1\x57\xca\xaf\xe8\xfe\x66\x02\x90\x7a\xfd\x24\x81\
\x13\x8c\x0d\x33\x01\xa5\x5f\x11\x46\xf1\x3a\xb8\xc4\x28\xed\x11\
\x18\x67\x66\x72\x8c\x20\x00\x26\x1c\x3e\x17\x0b\x23\x3f\x19\x90\
\x7a\x3a\xbf\x82\x92\xcd\x04\xe4\x24\x81\x36\x5c\x02\xd9\xcf\x54\
\xe0\x1d\x40\x00\xb2\xc3\x2d\x8c\x90\xff\xd3\x04\x40\x7a\x8b\x20\
\x80\x12\x46\x8f\xcf\xef\x34\x7c\x2d\x6d\x37\xbe\xce\xed\x29\xd6\
\x11\x4c\x86\x00\x45\x27\x6e\xe3\xfc\x75\xc7\x1a\xc7\x15\xc5\xef\
\xe8\x7b\x49\x78\x1d\x99\xcf\x05\x33\x1d\xf9\x9c\xb9\xbf\xdb\x12\
\x00\x8e\xd1\xce\x05\x69\x4b\x00\x14\xdd\xaa\x84\x5f\x23\x01\x0c\
\xfb\xb7\x61\x5b\x61\x0c\xc7\x68\x8c\x91\x00\x42\xbb\x7c\xee\x16\
\x46\x4d\x00\x25\x8c\x9a\x00\x4a\x18\xf3\x47\x83\x35\x04\xd0\x76\
\x26\xe0\x84\x0e\x5d\x87\x86\x8a\x2f\x03\x55\x09\x3f\x34\x6e\x87\
\xd7\xfd\x0e\x01\x18\x1b\x1d\x53\xc0\xa8\xc3\x6b\x7c\x2e\x85\xd7\
\x49\x72\xa7\x38\x04\xf0\x5b\x98\xcb\xfa\xea\x30\x92\x1e\xce\xbb\
\x0e\xa3\x58\x2a\x9a\xfb\xb1\x84\x91\x13\x5a\xb8\xd8\x98\x3f\x7f\
\xf8\xa6\xaf\xfb\xa1\xc0\x0e\x21\x00\xab\x0e\xf1\xbd\x3e\x56\x09\
\xcf\xf5\xff\x93\x4f\xe6\xdb\x79\x77\xbb\xd5\x10\x80\xfb\xbb\xed\
\x10\x00\xff\xb2\xc1\xca\x82\xf5\xfb\xab\x21\x69\x48\x9c\x1a\xe1\
\x35\x08\x40\xb6\x8d\xd0\xd8\x1a\x02\xd0\xf6\xe0\x6c\xb7\x7d\x62\
\x04\x06\x8d\x11\x7f\xd3\x7e\x17\xe1\x3a\xfb\xf6\x6d\x8c\x72\x1e\
\x08\xf5\x4f\xdd\x4c\x40\x65\x3b\x18\x9a\xeb\x42\x09\xd6\x76\x73\
\x2c\x3a\x03\x98\x0d\x84\xdd\x45\x90\x15\x04\x10\xfc\xcb\xb3\x87\
\xa4\xc0\x20\xd1\x99\x2c\xd0\x05\xc8\x5c\x6f\xda\xd7\xa3\x66\x3a\
\x69\x3d\x3d\x33\x89\x45\xeb\x41\xf0\x3d\xea\x64\xa9\xc7\x98\xd6\
\x67\x63\x9c\x4a\xea\x83\x98\x18\x31\xcb\x2a\xb4\x47\x52\xc4\x38\
\x13\x67\x4c\x7a\x29\x60\x9c\xe1\x59\x7f\xa1\x1f\x43\xdb\x75\x18\
\xb9\xce\x85\xde\xac\xdb\xfa\xcc\x90\xfb\xcd\x13\x3e\x4d\xbb\xf3\
\xf6\x4f\x00\xc6\x0b\x3d\x99\xf3\xd7\x88\x3e\x56\x09\xbd\xe9\xf7\
\xde\xf3\xdc\x4f\x36\x3f\xe3\xe6\xe7\xfc\x6b\xb3\x2c\x38\x3f\xee\
\xc3\x78\x0d\x8d\x7e\x44\x7f\xe9\xeb\x02\xc1\x24\x2d\xad\x5b\xf5\
\xa3\xef\x1f\xd2\xd3\xfd\xcd\x36\x41\xed\x55\x76\x6b\x5d\x6b\x60\
\xf4\xb8\x2a\x3d\x13\x63\xd0\xd3\x62\xb6\x2d\xed\x21\xfa\x4c\xae\
\xc7\xf8\x2b\x19\xaf\xc7\x28\xfa\xd2\xc4\x38\x53\x61\xac\x6c\x32\
\xd5\x03\x49\x60\x16\xb0\xf9\x18\x30\xce\xb3\x8e\xcc\x85\xb5\xec\
\x5a\x30\x57\x81\x5d\x53\xe6\x0a\xeb\x96\x19\xcc\x25\xd9\x95\xdb\
\xc6\xdd\x4f\xb3\x2b\x0a\x18\x4d\xb7\x6d\xb3\x6b\xcb\x99\x80\xc6\
\x9b\x56\x56\x82\x05\x18\x59\x87\xef\x16\x16\x46\xba\x03\x88\x7e\
\x64\x8c\xbd\x9e\x85\xb1\xdd\x2b\xab\x28\xe7\xde\xf0\x43\x37\x70\
\xc8\x1a\x9a\xb3\x4f\x59\x77\xce\x03\xb4\x21\x80\x16\x8e\xdc\x24\
\xfa\x71\x23\xff\x8d\x3d\xfd\x56\xdd\x78\x17\x61\x4c\xfa\x71\x08\
\x8f\x9c\x8c\xe8\x6a\x2e\x9f\x65\x57\xb8\x4b\xc5\xa1\x92\xb4\x47\
\x1e\x5e\xc9\x02\x9b\xd2\x75\xc2\xd8\x75\x69\x1b\x01\xea\x57\xd6\
\x4b\x18\xf9\x11\x1b\xe9\x86\xf7\x04\x20\x56\x04\x48\x8f\x01\x55\
\x82\xce\xc2\x08\x3c\x1a\x23\xa6\x2b\xeb\x92\x4e\x56\xf2\x7a\x56\
\x94\xca\x18\x59\x82\xcd\xd9\x13\x81\x92\x49\x36\x75\xe3\xab\x1a\
\xe7\x92\x7a\x38\x41\xfc\x56\x8d\x7b\xeb\x67\x02\x72\xd8\x0b\xb1\
\x12\x2c\x10\x9d\x05\x06\x5e\x13\x63\xcb\x89\x40\xc0\xa8\xf5\xd0\
\x49\x5a\x0f\x18\x59\xc7\x8f\x17\x6d\x8c\x34\x06\x1c\xab\xc6\x80\
\xdc\x3f\x16\x46\xb4\x13\xfb\xbb\xa6\x1f\x7b\xb3\xb3\xae\x3b\x39\
\xee\xfe\xcb\x3f\x5d\x1b\xb7\x1b\x4f\xa6\xde\x36\x92\x40\xbb\xbb\
\xb9\xe5\xf0\x25\x81\x0e\x42\xff\xdf\xfd\xbb\x6b\xdc\xfc\x02\xf6\
\x4e\xcc\x27\xa6\xb0\x73\x25\xe7\x12\x26\x02\x49\xdb\xd1\xe3\xd4\
\xd8\x8f\xc6\x58\x9a\xc9\x5e\xd6\xc9\xf9\x15\xb6\x1f\x7c\x66\xe7\
\x92\x7a\xfd\xe4\x80\x58\x8f\xeb\xd3\x39\x20\x14\xbe\x29\x90\x2e\
\x2f\x16\xdb\x22\x4f\xc5\xbe\xc0\x2b\x02\x59\x18\xa5\xed\xe0\x3b\
\xad\x97\x4d\x04\xaa\xc1\xc8\x75\xf1\x35\xa1\x89\x40\x16\x01\xa0\
\xc3\x5b\x11\x40\xcd\x3c\x7b\xa9\x47\xce\x15\x0d\x3c\xcc\xb2\xab\
\x9d\x09\x28\xc4\x70\x2e\x08\x8d\xa5\x13\x02\x28\x63\x4c\x3a\xa8\
\x40\x00\x88\x00\xb4\xde\x92\x09\x40\x66\x81\xc3\x1a\x87\x26\xc6\
\x48\x00\x55\xdb\xfc\x18\x48\x63\xec\x4d\x8e\xbb\x9f\x3c\xb2\xd5\
\xbd\x10\x8b\x7e\xac\xc4\x12\x5d\x9a\x00\x5a\x90\x80\xe1\xe8\x25\
\xd1\x0e\xaf\x65\xf7\xa3\x37\xb8\x3d\x56\x6e\x70\x77\x61\xad\x01\
\xe4\x80\x8c\x7e\xb4\x9c\x8b\x09\x40\x1a\x78\x33\x01\x54\xfd\xa8\
\x09\x00\xb5\xf6\x93\x60\xd5\xce\x65\x61\x6c\x43\x00\x50\xa5\xfd\
\x0c\xc2\xef\xd1\x1e\x1b\x08\xa0\xc2\x68\x27\xd3\x81\x51\xdf\x14\
\x5a\x13\x80\x71\x73\x65\x02\xe0\x73\x8e\x04\x60\x0d\x01\x50\x51\
\x1c\x02\x84\xc6\xad\xf0\x9a\x2a\x51\x49\x32\x2b\x74\xa5\x08\x20\
\xd1\xc3\x6a\x2b\xf6\x8b\x36\xac\x43\x7a\xa1\x7d\x3e\x09\x59\xe0\
\x74\x32\x6c\x46\xfd\x45\x8c\xe2\x22\x4a\x92\x92\xc5\x1a\x02\xd4\
\x62\x8c\xc4\x53\x3f\x04\x18\xa6\x44\x55\x18\xfa\x14\xfa\x11\x44\
\xc3\xc9\x24\x6e\x9b\x09\x40\x16\x1a\x4a\x0d\x0e\x3a\xd7\x9b\x72\
\xff\xf0\xa5\xdb\xe2\xc6\x22\x91\x00\x5a\x91\x40\xbb\x28\x40\x3b\
\xba\xbc\xe3\x4b\x9d\x81\xf7\x9c\xe3\xce\xfe\xe2\xed\x09\x46\xdd\
\x8f\x56\x78\x4d\x49\x60\x35\x3c\xb2\x42\x57\xea\x47\x76\x2e\x61\
\x17\xd6\x10\x00\x04\xa0\xed\xd1\x0a\xaf\x79\x08\xc0\x7a\xa5\x21\
\x00\x26\xcb\x24\x36\xd6\x29\x61\xf4\xeb\xed\x01\x97\x14\x6b\x08\
\x80\x3d\x03\xe4\xb0\xa2\x0e\xa3\x3c\x17\x3f\x04\xc8\xe7\xd3\x64\
\xef\x2b\x14\xd6\xdb\x04\x16\xee\x3b\xb2\x6d\x1e\x02\x60\x5d\x30\
\x74\x26\x18\x99\x05\x1d\x89\xec\x22\xfd\xab\xd6\xb7\x93\x02\x40\
\x5e\x2f\x48\xd8\x70\x40\xeb\x21\x71\x52\xd5\xe7\xf5\xd0\xe1\x5a\
\x0f\x6d\xc8\x36\x59\x70\x92\x5a\x17\x27\x00\x36\x65\x1d\x7c\x2e\
\x62\x24\x7c\xd5\x3a\x73\x16\x46\x7c\xc7\x7a\x7c\xfe\x45\x8c\x49\
\xdf\xf8\xcf\x1a\x23\xfe\xe6\x7a\x58\x07\x18\xf1\x0a\xa7\xae\x13\
\xed\xc8\x73\xa9\xc3\x08\x03\x9a\x9a\x18\xa7\xa8\xe1\x3f\xfd\xed\
\x67\xe9\x3d\x7e\xda\x63\xb0\x55\x14\x20\x7e\x37\x9c\xbe\xce\xf1\
\x35\x01\xd0\x76\xde\x47\xac\x73\x6f\xfe\xe8\x55\xf4\x98\x0f\x0e\
\x5d\xf5\xa3\xb8\x7e\xd4\x8f\x7e\x4d\x48\xdd\x8f\x74\xce\x41\xf0\
\x19\xd7\x54\xeb\x55\xfd\x98\xd6\x69\x5d\x6b\xf4\x23\xd7\xc7\x7a\
\x88\x48\x52\xbd\x39\x9a\x21\x18\xdb\x0e\xd7\xc5\xc2\x08\x32\xd3\
\xd7\xc5\xb2\x89\x88\x31\xd8\x03\x6d\xd0\x11\x36\x2f\xd1\xba\xb8\
\x6e\xf8\x8d\xeb\x25\x9b\xc8\xae\x75\xd8\x18\x44\xd9\x0e\xbe\xd3\
\xf5\x01\x63\x62\x8f\xe8\xc7\x22\xc6\x31\x5a\x13\xd1\xdb\x21\x1d\
\xd7\x19\x00\x0b\xf0\x5d\xd2\xcb\x50\x15\xba\x04\x41\xc1\x41\x9e\
\x0d\x7d\xd8\x82\xcf\x31\x74\x09\xff\xa1\x60\xba\xa1\x4e\x9c\xe0\
\xa4\x49\x4f\x86\x2e\xbd\xc0\x5c\xa1\x3e\x30\x17\x85\x80\xaa\x5d\
\x62\x2e\x1e\x5f\x59\xe1\x95\x81\x91\xcf\x45\x62\xf4\x28\x7d\xa1\
\x97\x41\xd4\x9d\xa2\xba\x03\xa4\xe1\x95\xae\xcf\xcf\x57\xf7\x75\
\x59\x18\xa5\x54\x18\xab\xb6\x71\x8e\xba\xce\xa4\x1f\x45\x08\xa8\
\xef\x52\x9c\x04\x62\x9d\x1f\x3e\xf6\x8c\xdb\xed\xa8\x8d\x6e\x0f\
\x6c\xd4\xc1\x8e\x19\x1c\x1c\xeb\x02\xd2\x06\x1c\x2d\x9d\xbf\xe4\
\xe8\xd6\x77\xa8\x03\x49\xc8\x5d\x8e\x5a\xe7\x6e\xc4\x76\xde\x33\
\xde\x7e\xe4\x5d\x4a\x5e\x6b\x8e\x00\xe5\x39\xe3\x5a\x69\xbd\xec\
\x11\x5b\xb8\xe6\xdb\xc3\x9d\x94\xfb\x10\xfa\x56\x3f\xc2\xd0\x63\
\x9d\x41\xb7\x2e\xc1\x2a\xf5\xf0\x84\x46\xeb\xc5\x50\x3a\xe8\xa0\
\x50\xe4\x62\x60\xac\xee\xf6\x5e\x1b\x7f\x23\x02\x94\x18\x21\x72\
\xe8\xc2\x05\x8e\xcb\x7a\x6c\x8f\x71\x08\x28\x6c\x87\x93\xe9\xf2\
\x9c\xc7\x0b\x5b\x83\x69\x3d\x60\x89\x9e\x1a\xf4\x16\xf0\x18\x30\
\xce\x03\xb0\x9c\x4b\x54\x0a\x90\xa8\x4c\x8e\x49\xac\xb1\x0b\x3a\
\x97\x3b\x45\x87\x80\x1a\x24\xcf\x15\x60\x3d\x18\x05\xeb\xb0\x70\
\x47\x42\xc7\xb7\xed\xc7\x3a\x1a\x23\x04\xc7\xeb\xb6\x4d\x8c\x2d\
\xdf\x06\xa3\xf1\x95\xaa\x2f\x1f\xa7\x86\x31\xa0\x9a\xac\x64\xf5\
\x63\x3f\x18\xe5\x38\xb5\x6e\x0c\x78\xf6\xb5\xb7\xfb\xb9\x01\xec\
\xd8\x26\x01\xd4\x3b\x7f\xd1\xd1\xc5\xdf\xc9\xdd\xff\xbd\xe7\x51\
\x12\xf2\x7d\x17\xdf\xe4\x5c\xcf\x8f\xf9\xf9\x5c\x2c\x8c\x38\x3f\
\xdd\x8f\xb0\x27\xad\x27\x93\xc0\x2c\xe8\x57\x9d\x5f\x81\xe8\x24\
\x30\x3e\x27\x04\x10\xea\xa4\xe1\x95\xd2\xb3\x72\x40\xcb\x8d\x91\
\x73\x17\xb2\x6d\x88\xce\x5d\xa0\xb0\x6f\x51\x5d\xd0\xc3\x10\xd0\
\xd8\xc0\xd4\x1a\x5e\x95\x08\x40\xeb\x61\x11\x55\x89\x0f\x25\x9d\
\x08\x24\x40\x6a\xc3\x95\x20\xdb\x12\x00\x27\x1b\xf0\xb9\xad\x73\
\x69\x02\x80\x77\xe9\xec\x25\x77\x92\xc6\x88\xff\x10\x1e\xeb\x13\
\xb7\x30\xf6\x93\x04\xca\x30\x66\x8b\x82\xf6\x4b\x00\xed\x31\xa2\
\x6d\x89\xd1\x72\xae\xe9\xd9\x9e\x7b\xfd\x87\xaf\x74\x3b\xad\xc0\
\x76\xe3\x29\x09\x78\x09\x04\x60\x38\xfd\xa2\x04\xbb\x11\x1f\xb5\
\xde\xbd\xf2\xf4\xcb\xdc\x53\x43\x23\x6e\x6a\xdc\x6f\x22\x53\x87\
\x71\xb9\x9d\x0b\xa2\x9d\x0b\x79\xa5\x25\x11\x40\x58\x6f\xaf\x1d\
\xc6\xa0\x47\xd1\xab\x9f\xf5\xaa\x31\x96\x08\xa0\xcd\x54\xe0\x12\
\x46\x93\x00\x0c\x8c\x7d\x11\x40\x3e\x04\xb0\x93\x17\x1c\xa6\x50\
\x88\x92\x85\xd7\x55\xc1\x9b\x4b\x14\x72\x00\x40\x4d\x82\x85\x92\
\x17\xaa\x3e\x0e\x0b\x65\xd1\xc9\x8b\x3a\x8c\x14\x16\xaa\x97\x7c\
\x2c\x8c\x56\x78\xdd\x1a\xa3\x91\x04\xf2\x43\x80\x76\x18\x71\x7c\
\x12\x16\xd6\x60\x6c\x93\x04\x42\xf9\xd7\x1f\xdc\x4b\xe3\x71\x5a\
\xcf\x2f\x3a\xaa\x12\xed\xc8\xad\x44\xd4\x17\xea\xdc\x8b\xf6\xf4\
\x5b\xeb\xbe\x78\x27\x36\x1e\xd9\x9e\x84\xae\x25\x8c\x3c\x04\x90\
\xfd\xc8\x86\x2b\x8b\x35\x04\x00\x01\xb2\xc1\xca\x92\x0d\x01\x06\
\xcb\x7b\x43\x26\x7a\xa5\x44\x75\x98\x09\x28\xf5\x2c\x8c\x9c\xbc\
\x8c\x32\x38\x68\x62\xc4\xdf\x19\xc6\x9a\xfd\x2b\xb5\x4d\x58\x18\
\xe5\x7c\x9a\x3a\x8c\xd6\x10\xa0\xf0\xaa\x75\x67\x00\x3b\x84\xa2\
\x31\x80\x65\x41\x05\xb8\x18\x38\x59\x08\x3e\x03\x24\x98\x8e\x75\
\xf0\x19\x80\xf0\x1b\xed\xb4\x3b\xef\xf5\x90\x03\xc0\x6f\xb4\xb3\
\x29\x74\x47\x46\xc8\xb9\xa8\xbe\xf9\x4a\x0f\x46\xa1\xf5\x70\x32\
\xd4\x26\xe9\xcd\x07\x0c\xd5\xce\xab\x26\xc6\x80\x73\x7e\x7e\x8e\
\xc6\x6c\x84\x71\x24\xe8\x09\x8c\xa4\xc7\x18\xc3\xbb\x0f\x36\xc6\
\x4a\x4f\x62\xe4\x73\x46\x32\xca\x63\xf4\xba\xd0\x03\x16\xaf\x53\
\xf5\x8f\xd5\x8f\x10\x24\x69\x64\x3f\x26\x18\x65\x3f\x1a\x18\xf1\
\x9d\xbe\x2e\x98\xc5\xe9\xba\xd3\xee\x98\x0b\x6e\xf2\x73\x03\xd4\
\x50\x60\x71\xce\x9f\xbe\xe0\xc3\xdf\xd3\x74\xdf\xc3\xd6\xba\x77\
\x6f\xfc\x1a\x19\x10\x92\x57\xfa\x5c\x18\x23\xe3\xc4\xbf\x38\x3f\
\xfc\x16\xcf\x25\xec\xbc\xac\xcf\x05\xfd\xa5\xaf\x33\xf4\xf1\x5e\
\xbe\xac\x13\x02\x9b\xd0\xf6\x88\xbe\xd0\x75\xe2\xba\x6a\x3d\xd8\
\xbb\xd6\xc3\x77\x5a\x0f\x49\x63\x7d\x5d\xc8\x26\xc2\xa3\x5f\x16\
\xc2\x18\xaf\x71\x85\x33\xda\xa3\xe8\x1f\x1c\x4f\xbf\x0b\xfb\xf1\
\xbe\xe5\x17\x96\xc9\x30\x0a\x9f\xc1\xd0\xb5\x88\x91\x74\x02\xc6\
\xae\xb7\x5b\xa9\x87\xfe\xaa\x30\xce\xd1\xcd\x69\x6e\xae\x57\x9e\
\x07\x00\xe6\x90\x21\xc4\x52\xc2\x2b\x5e\x6f\x8f\xc7\xf0\x6d\x27\
\x02\xd1\xbf\x46\x78\xb5\x18\x8c\x5c\x1f\x5e\x63\x36\x31\xb6\x5c\
\x72\x99\x31\xb2\x5e\x09\x23\x87\x80\x8c\xaf\x0d\x46\xae\xb7\xd8\
\x8f\x35\x21\xe0\xe0\xc4\xb4\xdb\xf7\x94\x4b\xdd\xf3\x30\x4d\x58\
\xdc\xb1\x97\x93\x00\x76\x3b\x6a\xbd\xfb\x8d\x13\xce\x77\x0f\x6c\
\x7d\x9a\x42\xff\x98\xa8\x92\x18\xa7\xc5\x3c\x80\xf0\x52\x0d\xce\
\x4f\xeb\x99\x61\x6a\x96\x5f\xa9\x56\x04\x92\xfd\x88\xeb\x84\xeb\
\x20\xeb\x44\xad\x72\x2c\xcd\x75\x96\x86\x57\x18\x32\x48\xbd\xd2\
\x10\x50\xd7\x97\x61\xd4\x13\x81\x04\x4e\x7c\x9f\x60\x34\xe6\x01\
\x44\x8c\x42\x07\x85\xa3\x72\xa9\x27\x93\xc0\x11\x23\x4f\x60\x0b\
\xf3\x23\xa0\x97\x0d\xa5\x9d\x1f\x4a\x73\x34\x09\xff\x0b\xf5\xff\
\x7c\x08\x80\xc7\x80\xd1\x69\x6a\x26\x02\x31\x49\xb0\x2e\x2e\xbe\
\x76\x2e\x08\x58\x37\xad\xb3\x1e\xa3\xec\x48\x0b\x23\x1e\xcf\xed\
\x10\x02\xe8\xb3\x1f\xf9\x5c\x6c\x8c\x39\x01\xc8\xdd\x6b\x3e\xf7\
\x83\x87\xfd\x34\x61\xe9\xcc\xcb\x42\x02\x3e\x09\x88\x19\x7f\x9b\
\x6e\xfc\x21\xbd\x9d\x38\x34\x64\x3b\x17\x11\x29\x13\x40\xd8\x63\
\x92\xa7\x02\x4b\xbd\x25\x11\x40\x8b\x64\x1a\xd7\x69\x61\xe4\x1c\
\x90\xd4\x5b\x2c\x01\xa0\x30\x01\xc8\x6b\x0d\x29\x11\x80\xb6\xb3\
\x3a\x8c\xd2\xbe\xad\xfc\x0a\xe5\xa9\x1a\x09\x40\xcd\xb1\x69\x33\
\x13\x50\x9f\x78\x93\xe1\xb2\x9e\x65\xb8\x19\x01\xb4\x9e\x65\xd7\
\xcf\x9a\x80\x85\x59\x76\x2d\x5f\x07\xd5\x86\xdb\x14\xa5\xb4\x25\
\x00\xca\x85\x08\xa3\xb0\x30\x6a\x92\x02\x5e\xf3\xee\xaa\xa2\x14\
\x7c\xd6\xdb\x57\xfd\xc5\x86\xaf\x13\x09\xc4\x4d\x3d\x16\x3d\x14\
\xa8\x9c\x1f\xc9\x45\x8c\xfb\xff\xeb\x27\xbe\xe4\xba\xd3\x13\x6e\
\x2c\x38\xb6\x65\xb8\x56\x3f\x5a\xce\x85\x7e\xd0\xe4\xa8\x9d\x8b\
\xfb\x91\xea\x11\x7d\x08\xb1\x08\xa0\xdf\x27\x2c\x52\xcf\xc4\x68\
\x10\x40\xc9\xb9\x2c\x8c\x16\x01\x60\x08\xa8\xaf\x61\x09\x23\xe9\
\xf5\xb3\x3d\x78\x03\xc6\x45\x13\x40\xc9\xb9\x16\x4d\x00\x85\xb0\
\x30\x23\x80\xba\x9d\x61\x12\x02\xf0\x86\x66\x61\x4c\x08\xa0\x66\
\x2a\x30\x61\x94\x86\x5b\x43\x52\x7c\xce\x6d\x09\x40\x92\x85\x85\
\xb1\x1f\x02\xd0\x7a\x4c\x00\xac\xb3\xa5\x33\xe1\x7e\xf5\x2f\x2f\
\xa4\x0d\x42\xfb\x73\xfa\x34\xdc\x97\x7f\xe3\x4d\xbf\x17\xbe\x77\
\x93\xfb\xf1\x23\x5b\x5d\x0f\xdb\x79\x87\xe4\x92\x65\xb8\xe8\x5b\
\x84\xd7\x71\x5a\x73\xc9\xb9\xfa\x88\x00\x68\xab\x6f\x31\xc7\x1e\
\xb2\x1c\x04\xc0\xd7\x04\x9f\x4d\x8c\xd6\x53\x20\xcb\xb9\xfa\x78\
\x0a\x84\x9b\x8a\xb6\xc7\xd2\xbb\x00\x91\x00\x02\xe1\x96\x08\x20\
\xda\x04\x4f\x05\xb6\x30\xaa\x3d\x0d\x23\x01\xcc\xcf\xcf\x77\xa0\
\x84\x8e\x66\x21\xe7\xe2\x44\x07\x27\x58\xba\x5d\xaa\x8c\x75\xf0\
\x19\x95\x40\x8f\x1c\x35\x30\x10\x0c\x40\xeb\xf1\x5d\x81\x92\x64\
\x41\x0f\x86\xab\xf5\x60\x14\x68\x4f\x0a\x4e\x06\xe0\x25\x3e\x88\
\x4e\xa6\xd5\x61\xd4\x7a\x16\x46\x4a\xee\xe8\x04\xcb\xc4\x44\xa6\
\x47\x77\x2e\x26\x27\x91\x04\xd2\x18\xf1\x77\x95\xa8\xf2\x52\xc2\
\x88\x76\xaa\xfe\xf6\xfd\x83\x3e\x4b\xae\xcb\xf6\xed\x84\x1b\x8e\
\xc0\xed\xc2\x38\x74\x3f\xa2\x7c\xea\xe6\x7b\x28\x0a\xc0\x4e\x40\
\xd9\x54\x61\x53\xf2\xf1\xbe\x14\x2c\xf2\xf1\x71\xec\xe9\x37\x37\
\x13\xcf\x1b\x78\x35\x46\x7c\x26\x8c\x7c\xad\x43\x3f\xe2\x1a\x68\
\xbd\xe4\xce\x15\xea\x43\x7f\xc9\x3e\xe4\x7e\xf4\x36\x93\xde\x18\
\x70\x1d\x74\x9d\xe4\x5c\xb2\x1f\x43\x82\x55\xeb\x91\x73\x49\x8c\
\xe1\x8e\xa8\xf5\xc8\x26\x44\xc2\x0f\xf5\xa1\x0d\x8d\x11\x09\x38\
\x6f\x37\x95\x4d\xe0\x6f\x90\x54\x72\x0d\x61\xb7\x94\x18\xe4\xb6\
\x7d\x9d\x68\x47\xb7\x4d\x49\xe0\xb0\xe2\xb4\xef\x47\xbf\xb0\x8e\
\xd6\xe3\x1b\x97\xf4\x55\x0c\xaf\x65\x9b\xd0\x4b\x22\x57\xaa\x8b\
\x7c\xd7\x5e\x12\x4c\x03\x4f\x3b\xb7\x72\x10\x0d\x3c\x1a\xa9\xe8\
\x34\x7c\x46\xe7\xe2\x37\x59\x1f\x96\xc1\x22\x63\x12\x0e\x67\x75\
\x2e\x39\x12\x65\x50\x39\x93\xea\x75\xf1\x7a\xb2\xee\x5c\xca\xba\
\x86\x61\x43\x09\x63\x62\x00\x84\x11\x06\x80\xec\xb5\x6d\x00\xf2\
\x5c\xa0\x57\x34\xd2\xd0\x1e\x1b\x0a\xfe\xd5\xfd\x08\xe1\x7e\xe4\
\xbe\x26\x47\xca\xfa\x71\x21\x62\x94\x7a\x78\xbf\x5c\xd6\xc5\x18\
\x99\xfd\x21\xe8\xab\x5e\x77\xc6\xbd\xf3\x13\x5f\xa6\x3d\xfe\xe2\
\x9a\x7d\xd9\xdd\xbd\x99\x00\x30\x91\x68\xa7\x15\x6b\xdd\xef\x7c\
\xec\x6a\x37\x1b\x22\x17\xd9\xbe\xbc\x01\x44\x8c\xa6\x91\xce\x24\
\x8e\x84\x55\x8e\xd0\x0f\x5a\x0f\x4e\xcd\x75\xb1\xa0\x5f\x35\xb9\
\x52\x3f\x82\x5c\x95\x9d\x69\x72\x85\xcd\x31\xb9\x4a\x8c\xfa\x06\
\x00\x3d\x10\x85\xae\xaf\x84\x91\x6c\x51\x48\xf9\x06\x10\x6c\x42\
\xd8\xa3\x49\x5c\xf1\x06\xe0\x9f\x14\x58\x18\xf1\xbe\x81\xc7\x18\
\xea\x13\x18\x33\xdf\x6a\x41\xae\xd0\xc3\xcd\xbf\xaf\x89\x40\x32\
\x74\xc1\x06\x16\x56\xe8\x42\x21\xa0\x08\x53\x91\x75\xb7\xc2\x2b\
\x9e\x64\xc3\x7a\x56\x78\xc5\x1d\xe0\x9d\x2f\x1d\x77\x67\x18\x63\
\x82\x65\x28\x62\x84\x5e\x6d\x08\x18\x96\xfb\x2a\x85\xa9\xc0\x08\
\xfc\xdc\x2f\x43\xe1\x65\x10\x0b\x23\xb7\x57\xd7\x8f\x10\x60\x94\
\x75\xca\x3d\x16\x35\x46\xe8\xa1\x9f\xbd\x5e\x21\x0b\xac\x97\xdb\
\x1a\x1a\x72\xdb\x7b\x33\xee\xbe\x6d\xc3\xee\x05\xd8\x58\xe4\xa8\
\x0d\x71\xb5\xde\xd4\xd1\xd9\xd9\xad\xef\x7c\xce\x60\xcf\x63\xfd\
\xdb\x7e\x37\xff\xc4\x6f\xec\xa1\xdb\x0e\x61\xa4\x38\x17\x3b\x4c\
\xc5\xf9\x49\x9b\xc0\x06\x32\x75\xf9\x15\x29\xe8\x57\x36\xd8\xa4\
\x1f\x69\x08\x18\xae\x75\x68\xbb\x34\xbc\xe2\xfe\x46\x5f\x42\xcf\
\x1c\x02\x52\x12\x38\xad\xaf\x09\x23\xe9\x22\x22\x33\x86\xa9\x64\
\xb7\xa3\x23\x6e\x98\x86\x43\x61\x98\x5a\x18\xba\x30\x46\xd9\xb6\
\x85\x91\x22\xe9\xa1\xe0\xd8\x74\xad\x6d\x8c\xe8\x87\xd4\xc6\xf2\
\xe1\x15\x4a\xdf\x33\x01\xf3\xb1\x4b\x6e\xb8\x3e\x4c\x4d\x4f\xa6\
\xe4\x5c\x5a\xaf\x2d\x01\x40\x34\x46\xfc\x17\x13\x2c\x4d\xeb\x16\
\xca\x57\x2d\xa1\xd7\x02\x23\x77\x64\x1b\x8c\xbe\x1f\xeb\xa7\x2b\
\x4b\x5d\x0b\xa3\x35\x4e\xb5\x9c\x8b\xc6\xa9\xe1\x3c\x48\x17\x86\
\x1b\x26\x54\x7d\xe2\x6b\x3f\x72\x03\xef\x59\x15\x09\x40\xae\x25\
\x98\x3b\x7e\x4a\x00\x7e\x89\xaf\x35\xee\x94\x2b\x6f\xa6\xe5\xc8\
\xd0\x8e\x6e\x7b\x51\x04\x20\xee\x5c\x5a\xaf\x7f\x02\x10\xfd\x58\
\x20\x80\xea\x55\xeb\x7a\xe7\x4a\xb6\x07\x0f\xf5\x95\x9e\x54\x45\
\x6c\x90\x5a\x02\xc8\x73\x40\x25\x02\x48\x6c\xa2\x80\xd1\x4a\xb0\
\x5a\x79\xaa\x36\xf9\x15\x94\x48\x00\x08\x2d\x19\x20\x44\x1b\x2e\
\x4a\x24\x80\x26\xe7\x8a\x8b\x82\x42\x2f\x64\x2f\x1b\x9c\x8b\x4f\
\xba\xe8\x5c\x61\xac\xc4\x46\x0e\xd1\x18\x51\x6b\xdf\x04\x10\x3b\
\xb2\x99\x00\xd8\x78\x6c\x8c\x18\x02\x68\x02\x30\x30\xea\xc7\x40\
\x35\x18\x63\x12\x48\xb4\x6d\x39\x57\x42\x00\xe1\x5c\x98\x00\x7a\
\xf3\x0b\xee\x6d\x1f\xbb\x86\x1c\xd9\x13\x40\xb5\xa0\x68\x39\x22\
\xf0\x77\xff\x9d\x8f\x5c\xef\x5e\x7d\xe6\xa5\xee\x59\xac\xe8\x33\
\x36\x4a\x7d\xa1\xdb\x96\x04\xc0\x18\x2d\xc3\xa5\xa1\x54\x1b\x02\
\x08\x8f\xd3\x64\x3f\x2e\x99\x00\x5a\x3e\x05\xf2\xc3\xbd\x34\xeb\
\x6e\x39\x17\x11\x40\x48\x48\x52\x9d\xc1\xb9\x34\xc6\x9c\x00\xea\
\x23\x00\x7d\x2e\xa5\x24\x70\x72\xad\x0b\x89\x6a\x7e\xc2\xc2\x7d\
\x58\x4b\x00\x31\x07\x20\x3a\x5d\x1b\x2e\x4a\xff\x04\x90\x8e\x0b\
\xb5\x5e\x74\x2e\xd1\xe1\xb6\x73\x29\x02\x08\x62\x61\x24\xe7\x52\
\x5b\x95\x99\x18\x35\x01\x0c\xdb\x04\xc0\x59\xe0\x76\x18\xfd\x18\
\xaf\xae\x1f\x21\x44\x52\x09\xc6\x72\xa6\xba\xea\xef\x40\xa4\x46\
\x3f\x66\x04\x30\x8c\xb0\xd0\x63\x44\xf9\xde\x83\xdb\xdc\x2e\x47\
\xac\xa3\x45\x3b\x3c\x01\x78\x12\xa8\x23\x00\xe4\x0c\x76\x3a\x62\
\xad\xbb\xf6\xfb\x3f\xa3\xbb\x3f\x0c\xc8\x76\x2e\x31\x59\x25\xf4\
\x77\xd1\xb9\x94\x4d\x58\x77\x57\xf4\x97\x24\x00\xae\x57\x3b\x17\
\x24\x12\xa9\x38\xef\x12\xc6\xf6\x04\xd0\xec\x5c\x4c\x00\x15\xc6\
\x96\x04\x10\xea\xb4\x30\x26\x04\x10\xf4\x96\x8b\x00\xd8\x6e\x8b\
\x04\x30\x37\x37\x47\x4f\x01\x70\x62\x2c\x70\x76\x1c\x80\x4e\x86\
\xe0\x33\x3a\x08\x17\x88\x75\xf0\x19\x9d\xab\xf5\xd0\xb9\x5a\x0f\
\xef\x64\x7b\x3d\xbc\xd7\xec\xeb\x06\x70\xad\x07\x52\x18\x1d\xf5\
\x75\x49\xc1\xfb\xd1\x12\x5f\x82\x91\xf5\x47\x71\x97\x5a\x02\xc6\
\x30\x1d\x5a\xea\x45\x8c\x98\x8e\x59\xc0\xc8\xc7\x20\x29\x59\xc4\
\x28\x74\x71\xbc\x6e\xbb\x3d\x46\xee\x47\x03\xa3\xd1\x8f\x14\x09\
\x2c\x74\xdd\x5f\x5e\x7c\x93\x1b\x78\xf7\x27\xdd\xf3\xc3\x92\xe2\
\x71\x13\x8f\x8c\x08\x78\x3b\xef\x73\xdc\xf1\x97\x7c\x13\x66\x15\
\xa7\x97\x62\x32\x4f\xec\xeb\xd0\x36\x0c\x52\xb7\x9d\xf5\x23\xde\
\xb5\x37\xa6\x30\xc3\x9e\xf4\xb9\xa0\xbf\x74\x1f\x62\x1a\x30\xeb\
\x34\xf5\x23\xde\x8c\xd3\x75\x5a\x18\xb1\xdd\x36\x86\x6c\x52\x0f\
\xd7\x40\xeb\xb5\xc6\x18\xa6\x26\x6b\x8c\x70\x44\x59\x27\xc4\xb2\
\x09\x13\xe3\xd4\x54\xa6\x87\xef\xb4\x5e\x1b\x8c\xd0\x03\x16\x89\
\x0f\x6d\x8e\x61\x3d\x80\xc6\x15\x81\xc2\x4a\x36\xcc\x5c\xb2\x50\
\xf2\x42\xe9\x31\xbb\xca\x42\x63\x40\xe8\x71\x48\x52\x78\x89\x01\
\x60\xfd\x1b\x56\x2c\x9e\xc5\x98\xb1\x64\xc1\x89\xea\x71\x4e\x09\
\x63\xd2\x76\x01\x23\x3a\xa4\x3a\x97\xf2\x8b\x16\xc0\x88\x3a\xa4\
\x58\x18\xf1\xb7\xec\x47\xd2\x6d\xf9\x32\x48\xe9\x85\x15\xc6\x28\
\xf5\x6c\x8c\x18\x03\xfa\x76\x31\x65\xf7\xd9\xc1\x21\xb7\xff\xa9\
\x17\xb9\x9d\x0e\x5f\x53\x4f\x00\xc7\x6f\x72\xbb\x1e\xb9\xde\xed\
\x7b\xf2\x85\x6e\x70\x82\xdf\x47\xf7\x05\x8f\x1b\x75\x7f\x73\xe4\
\x22\x0b\xa6\x02\x97\xa6\xd9\xca\x42\x89\x2a\xd1\xdf\xe8\x1b\x64\
\xc1\x75\x41\x3f\x72\x3d\xd4\x7e\x10\x5c\x07\x5d\x60\xd8\xdc\x3f\
\x64\x8f\x35\x2f\x5a\x55\x7a\xf5\x2f\x83\xe9\xfe\x86\xdd\xe9\x22\
\x31\xf2\xb5\xc6\xbf\x88\x02\x74\x91\x18\xb9\xce\x12\xc6\xa4\x1f\
\x0b\x2f\x5a\x01\x63\xbc\x2e\xfc\xc2\x5a\xf1\xa5\x3a\xaf\x43\x76\
\xe1\x73\x4c\xe5\x89\x40\xec\x7c\x3c\x76\x29\x85\x2e\x68\xbc\xef\
\x10\xb0\x26\x0b\xcc\x3a\x24\x78\xe4\x31\x92\x87\x57\x10\x9c\x24\
\xda\x93\xe1\x50\x09\x63\xd2\x76\x01\x23\x85\x57\x2a\x54\x2c\x61\
\xa4\x76\x39\xbc\x0a\x8f\x6f\x34\xc6\x2c\x04\x0c\x17\xa8\x84\x51\
\x3b\x57\x29\x04\xe4\xfe\x66\x3d\x0b\x23\x5e\x39\xa5\x61\x06\xe9\
\x61\x63\x91\x19\xf7\xc5\xdb\x7f\xe6\x06\x0e\x5f\xe3\xf6\x14\x7b\
\x0c\x5a\xc3\x80\x81\xc3\x56\xbb\xcf\x7e\xff\x81\xac\x4e\x84\xec\
\xba\xbf\xad\xa1\x0b\x5e\x10\xd2\xfd\x6d\x0e\xaf\x8c\x30\x15\xd7\
\x54\xf6\x21\xf7\x23\xd7\xc3\xba\xf8\x9b\x09\x40\xd6\x89\xe3\xb9\
\x1f\xb9\x4e\x0b\xa3\x4c\xb0\xf2\xb5\xb6\x30\xf2\x30\x55\x5e\x17\
\x1b\xa3\x9f\x08\x14\xf1\x05\xc1\x9d\x57\xd6\x09\xc1\xf5\xd2\xd7\
\xba\x84\x31\xe9\xef\x4e\xcd\x50\x9a\xf5\x18\xa3\x61\x13\xc0\x22\
\xa7\xd8\x87\xfa\x97\x46\x00\x7a\x96\x1d\x1a\xb7\x9c\x2b\x12\x80\
\xb8\x30\x72\x06\x1b\xeb\x79\x02\xa8\x4e\x1a\x02\x2c\xda\xb9\x20\
\x6d\x09\x80\xc6\x80\x4a\xaf\x16\x63\x20\x1e\xca\xb0\x1a\xe3\x54\
\x4d\x00\x10\x0b\xe3\x62\x09\x80\xf5\x96\x42\x00\x1e\x63\x75\x5d\
\x20\x6e\x7e\xd6\x1d\x75\xc1\x37\xfc\x1b\x83\x70\x76\x15\x05\xec\
\x7d\x3c\x9c\x7f\x95\xfb\x1f\x6b\xbe\x4c\x75\xe8\x3a\xdb\x6e\x0d\
\xd7\x37\x01\x08\x3d\xdb\xb9\x34\x01\x78\xfd\x3a\x02\x88\xfd\x5d\
\xc0\xa8\x09\x00\x38\x4c\x8c\x2d\x09\x80\x67\x02\x4a\x9b\xc0\xdf\
\x36\x01\xe4\x53\x81\xad\x04\x6b\x46\x00\x75\xb9\x34\xd6\x0b\xf5\
\x59\x36\xe1\x09\xa0\xea\xbf\x48\x00\xc5\x21\x80\xd8\x08\x14\x27\
\x6e\x85\xae\x94\x04\x12\xe1\x75\x29\x74\xad\x86\x00\xe8\x4c\x84\
\x3e\xa5\xd0\x55\x2c\xb6\x10\x04\x58\xf8\x24\x64\xc1\x92\xdb\x9a\
\x49\x8b\x18\x95\x9e\x85\x11\x2f\x03\x69\x3d\x4e\xb0\xc8\x22\x87\
\x00\x7c\x3e\x16\x46\xfc\x5d\xf5\x23\x87\x86\xa5\x21\x40\xb5\xd6\
\x02\xb7\xcd\x04\x20\x8b\x1c\xa6\x40\xa7\x3c\x04\xc8\x77\x5d\xea\
\x4e\x4f\xba\x67\xc7\xa6\xdd\x4b\x4e\xba\xd8\xed\x72\xe4\xba\x8c\
\x00\xf0\xa6\xdf\xaf\xbe\x7f\x93\xbb\xf7\xf1\x27\x74\x75\x54\xfc\
\x10\x20\xb5\x09\x2b\x74\x45\xdf\xa6\x43\x2e\x2c\x09\x97\x87\xd7\
\xe8\x07\x8d\x11\x79\x1c\x5d\xd0\x8f\xfc\x3b\xeb\x42\xf0\xda\xad\
\x2e\x44\x00\xd1\xce\xca\x18\x79\x08\xe0\xfb\x5b\x2f\x09\x57\x15\
\x0a\xaf\xe5\x10\x2e\x10\x80\x2e\x14\x5e\x33\xc6\x68\x17\x55\x04\
\x20\x8b\x5f\x10\x46\xfa\x42\x45\x00\xb2\x30\x49\xc9\xfe\x69\x1c\
\x02\xa8\x9b\x82\x2c\xc0\x22\xf5\x22\x01\x8c\x8f\x8f\x77\xf0\x0c\
\x14\xc6\x3e\x3e\x0e\xc9\x17\xb8\x84\xa0\x83\xf0\x2e\x3c\xf4\x20\
\x48\xe6\xc1\x20\xb5\x1e\x0c\x00\x9d\x84\x7a\x30\xc3\x09\xff\xa2\
\x31\xad\x87\x0b\x83\xdf\x60\xfc\xbe\x6d\xff\xaf\xd6\xeb\xf2\x22\
\xa5\x4a\x80\x11\x86\x2e\x75\xb9\x1e\x3e\x0f\x4e\x76\xe8\x3a\x81\
\x27\x62\x8c\x8b\x42\xe6\x0b\x29\x82\x14\xb4\x9e\x89\x31\x59\x14\
\x32\xc5\xa8\x75\x7d\xdf\xa5\x75\xe6\x8b\x42\xda\x18\xad\x7e\x0c\
\xc9\x9c\x46\x8c\xe4\x08\x0b\x5d\x77\xfe\x37\xef\xa2\xb7\xfa\xf0\
\x34\x40\x0e\x03\x30\xdd\x17\x53\x88\x51\x4c\x8c\x66\x3f\xa6\x8b\
\x99\x22\xe1\xb7\x58\x8c\x73\xbd\xb9\x72\x3f\xf6\xac\x7e\x9c\xa4\
\xdf\xe8\x9a\x4f\x78\x3d\x9c\xa3\xd6\xc3\x23\x68\xdd\x36\x6c\x54\
\xeb\x25\x76\x5b\xc0\x08\x21\xbb\x55\x0b\x85\x12\xc6\xc2\xa2\xb0\
\x69\x9d\x36\x46\xd8\x9e\x6e\x3b\xeb\xc7\xb9\x1c\x23\x70\x58\x76\
\x8b\x36\x74\x7d\xf8\x57\xea\x80\xb4\x7a\xbd\x9e\x3d\x11\xc8\x4a\
\x5e\xa0\x02\xcd\x34\x16\x73\xf9\x3b\x40\xaa\x67\xb1\x2b\x32\xfb\
\xbe\x3e\x91\x04\x6a\xb8\x03\x48\xb1\x30\xe2\x0e\x52\x25\x2f\xeb\
\x57\xdb\xc1\x0a\x32\x5c\xd7\x72\x26\x81\x58\xd0\xbe\x85\x11\xc7\
\xeb\x3a\x8b\x18\x55\x52\xd2\xba\x03\xd0\x1b\x6b\x4a\xcf\xc2\x48\
\x43\x92\x91\x61\xd7\x9b\x9e\x70\x7f\xfa\xc9\x2f\x12\x09\x60\x35\
\x61\x7a\xd3\xef\xd0\xd5\xee\x1d\xff\x7c\x6d\xd4\xcd\xfa\xb1\x63\
\xef\x03\x89\x3e\x6b\x83\x11\xe7\xa7\xcf\x19\xf6\xa4\x0b\xdf\xa5\
\x92\x7e\x34\x12\xac\x28\x56\x12\x18\xc9\x4f\x5d\x30\x4c\xd5\x18\
\xed\x08\xb0\x5d\x82\x95\x30\x8a\xdd\x7f\x08\x43\x31\x02\xf4\x51\
\x71\xac\xb3\x90\xbc\x04\xd1\xf4\x83\xb1\xba\x2e\x85\x28\xd5\x58\
\x11\x08\xd1\xa8\x2e\x3b\x6e\x7b\x70\xa5\x67\x8e\xaf\xe4\xee\xc0\
\xb8\x88\x85\xf1\x15\x8f\x01\x93\xf1\x55\x29\xc1\x32\x86\xb9\x0a\
\xcd\x18\x39\xbc\xe2\xba\xf0\xd9\xc2\x48\xe3\xab\x25\x24\xaa\x2c\
\x8c\x38\x5e\xd6\x89\xb6\x4b\x18\xb5\x1e\x3b\x97\xd4\x4b\xfa\x31\
\xcc\x17\xd0\x18\x51\x78\x0c\x38\x37\x35\xe1\x7e\xf2\xc8\x13\x7e\
\x63\x91\xa3\xfd\x8a\xc2\x90\xbb\x37\x3f\x1b\xeb\x86\xe1\xfb\x3a\
\x7d\xbd\xf8\x6c\x8d\x53\x79\x78\xd5\x84\x11\xe7\xa7\xcf\x85\x9d\
\x4b\xea\x71\x7e\x85\xfb\x91\xcf\x4b\xe7\x57\x20\xd4\x8f\xf1\xbc\
\x6b\x72\x40\x4b\x99\x09\x68\x2c\xb8\x99\x61\xc4\x31\x35\x39\x20\
\x22\x08\x71\x73\xb5\x72\x17\x70\x62\xdd\x76\x29\x07\x14\xf5\xc2\
\x39\x33\x01\x48\x3d\xf4\x83\x6c\x17\x9f\x81\x45\xe2\x43\xc9\xb7\
\x07\xdf\x41\x04\x60\x19\x45\x3f\x04\x90\x4d\x05\x1e\x31\x08\x00\
\x53\x81\x5b\x62\xd4\x04\x80\xb6\x2d\x8c\x3b\x82\x00\xf4\xfb\xe0\
\x8d\x04\xd0\x34\x11\x28\xdb\x66\xdd\xcf\x04\x94\x6d\xa2\x00\x0b\
\x1b\x04\xde\xea\xfb\xc7\xaf\xdc\xee\x06\x0e\x5d\x4b\x9b\x8b\x7c\
\xec\x8b\xdf\x4f\xea\xb5\xfa\xb1\x91\x00\x82\x9e\xe9\x5c\x46\x12\
\xb8\x0d\x01\x40\x70\xed\xb5\x73\x41\x16\x45\x00\xe8\xc7\xe1\x02\
\x01\xf4\x31\x11\x28\x5e\x63\x48\xc3\x4c\xc0\x94\x00\xca\x49\x60\
\xed\xd8\xb5\x04\xd0\x80\xb1\x2f\x02\x68\x3d\x04\x88\x09\x96\xaa\
\x52\x2b\x74\xcd\x93\x40\x76\xf2\x02\x1d\x99\x84\x33\x85\xd0\x15\
\x60\xa9\x2e\x3a\xa1\x2a\xc1\x62\x61\x84\x51\xe8\x13\xb7\x30\x12\
\x01\xc4\x64\x91\x0f\x71\xad\x21\x00\xef\x0c\x83\x7a\x48\x1a\x30\
\x52\xdb\x11\x67\x01\xa3\x0a\xaf\x51\x7f\x2b\x8c\x85\xf0\x3a\xbf\
\xd8\xe5\xe7\xc0\x7c\x1e\xe3\xa3\x23\x6e\x72\x7c\xcc\xbd\xf1\x23\
\x57\xb9\x57\x9e\x79\x99\x9b\xe9\xa5\xc9\x2a\x6f\xb8\x69\x32\x8d\
\xdf\x05\x90\x25\x19\x02\xa8\xbb\xab\x2c\x71\x7b\xf0\x30\xdc\xc3\
\x31\x36\xc6\x74\x08\xc0\x04\xc8\x06\x2b\x8b\x76\x2e\x7c\x6e\x0c\
\xaf\xc3\xb5\xb6\x30\xe2\x1a\x68\xbb\x6d\x35\x04\x08\xe1\xb5\xc6\
\x88\xbf\xe1\xd0\x89\xfd\x34\x6c\x0f\x2e\xfb\xbb\x36\x09\x2c\xf4\
\xcc\x21\x40\x3f\xdb\x83\xcf\xce\xce\xd2\xce\x40\xe8\x00\x16\x5c\
\x58\x64\x6e\xe9\x5f\x6c\x5d\x3c\x39\x49\x8d\xf3\xef\xb8\x1b\x40\
\x60\x90\x00\xc0\x7a\x10\x74\xae\xac\x0b\x82\xef\x58\x0f\x75\xe1\
\x33\x8e\xd5\x7a\x68\x43\xd7\x07\xd1\x7a\x11\xa3\x10\x8d\x91\x05\
\xed\x68\xdd\x3a\x8c\x48\x2e\xb1\x5e\x86\xb1\x8b\x2d\xbe\x67\x92\
\xbe\x69\xc2\xe8\xeb\xac\xdf\x46\x9a\xf4\xc6\x53\x3d\x4c\x57\xd6\
\x7a\x15\xc6\xaa\x8f\x32\x8c\xb3\xdd\xbc\x1f\x03\x5e\xa9\xe7\xdc\
\x82\xfb\xee\x03\x4f\xba\xeb\xee\x7a\xd8\xcd\x75\xfd\x56\xed\x7c\
\x6d\x2c\x8c\x98\x3d\x17\xeb\x9c\xf0\x7a\x8b\xee\xc7\xc2\xf6\xf0\
\x96\x1e\xc4\xf7\x23\x8b\xdd\x8f\x58\x1b\x8f\xae\x75\x68\x37\xf6\
\xa3\x81\x31\xb3\xdb\x09\xbb\x6d\x69\xb7\xa5\x7e\x84\x60\xcd\x4b\
\xee\x3f\xd6\xb5\x30\x42\xf8\x37\xee\xc3\x22\x46\xb2\x09\x24\x39\
\x2b\xbd\x04\x23\x6c\xb1\x1f\x9f\x09\xfd\xcd\x75\xe1\xbb\x89\x89\
\x89\x9a\xc7\x80\x2a\xd9\x50\xcb\x5c\x0d\x77\x00\x66\x2e\xc9\x48\
\xd6\x1d\x00\x44\x84\x57\x6e\x99\xfd\x99\xe1\x35\xbb\xa2\xf4\x73\
\x07\x48\xf4\x86\x9a\x31\xfa\x88\xc4\x66\xd7\xf8\x38\x45\x60\x04\
\xd3\x6b\x8c\x74\x07\x08\xfd\x28\xcf\xdb\xc2\x88\x3b\x8d\x4e\x4a\
\xd6\xdd\x01\x2a\x8c\x48\x54\xe5\x18\xe9\x31\xa0\x8a\xae\xf4\x1d\
\x80\xe1\xce\x4e\x56\x2b\xfc\xb0\x58\x8f\xaf\x90\x5f\x69\x13\xb9\
\xa0\x6f\x23\xc6\x70\x5d\x60\x78\xba\xb4\xc1\x88\xc2\x77\xd2\x36\
\x18\x61\x53\xda\xce\x2c\x8c\x70\xa4\x68\xb7\xa1\x6d\x0b\x23\xa2\
\x2b\xa9\x57\xba\x93\xe2\x7d\x7c\x3e\x57\x29\x66\x04\x18\xf6\x06\
\x64\xdb\x29\x61\x04\x1e\xbd\xc4\xbd\x15\x01\xe2\x46\xcc\x7d\xcd\
\xf6\x6d\x45\xa9\x32\x02\x84\x04\xdf\x5d\xda\x44\x20\x76\xae\xa6\
\x31\x20\x0c\x37\x01\xd9\x30\x06\x94\x63\x2c\x6b\x96\x1d\xa4\xed\
\x18\x10\x18\xb5\x9e\x89\x51\x8f\x53\x0b\xe3\x2b\x1b\x63\x3e\x4e\
\xe5\x31\x20\x4f\x04\xa2\x73\x2f\x2c\x5b\x26\x49\x8a\x74\x6b\x92\
\x40\xb1\xbf\x83\x5e\x9b\x7e\x84\x9e\x1e\x03\x46\x8c\x3a\xbf\x52\
\x4a\x54\x61\x26\x60\x8b\x04\xeb\xf4\x8c\x58\x0f\x22\xe8\xb1\x73\
\x49\x3d\xca\x5d\x28\x9b\xc0\xf0\xa8\x84\x31\xf6\x4d\x10\x0b\x23\
\x0d\x53\x55\x9d\x16\x46\x1a\x5e\xa9\x7e\xb4\x30\xea\x1c\x10\x8e\
\x29\xf5\x23\x9f\xab\x14\x33\x07\xc4\xf9\x15\xd1\xb6\x8d\x31\x9d\
\xbf\x02\x3d\x26\x80\x0c\x63\xe8\x6b\xc6\xa0\xf3\x54\x28\x32\x07\
\x04\x41\x84\xd1\x72\x2a\x70\xb3\xe1\xca\x8b\x6d\x39\x17\x4e\x50\
\x5f\x98\x36\x86\x0b\xb1\x12\x2c\x90\xb6\x04\x80\x0b\x5b\xe9\xa5\
\x51\x8a\xd4\xcb\x08\xa0\xee\x75\xd0\x70\x1e\x75\x18\x99\x00\x34\
\xa9\x58\x18\xb3\x28\xa5\x25\x01\xb4\xe9\x47\xae\xaf\x64\xb8\xf2\
\x35\x66\x16\xcb\xb9\x2c\x22\xb5\x0c\x17\x04\xa0\x9d\x06\x61\xac\
\xd6\xcb\x73\x17\x65\x8c\xdc\x5e\x13\xc6\xba\x1c\x90\xd4\xd3\x04\
\x80\xcf\x4d\x04\xc0\xf5\x95\x9c\xab\x6f\x02\x20\xe2\xf5\xaf\x6f\
\xd7\x61\x94\xe7\xd2\x8a\x00\x6a\x30\x72\x5d\x38\x1f\x10\xc0\x70\
\xdd\xf6\xe0\x49\x28\x35\x38\x68\x86\xae\x18\xc7\xe8\x10\xc9\x0a\
\xaf\x71\x82\x3a\x34\x2b\x0d\x01\x58\x87\x05\x60\xf9\x24\x64\xa1\
\x21\x80\x0c\xa5\x4a\x18\x27\xc3\xcb\x40\x41\x6f\x70\x70\xd0\xc6\
\x88\x99\x80\x83\x83\x95\x1e\x6d\xb3\x5c\xc0\x98\x24\x76\x6c\x8c\
\xf8\x5b\xf7\x23\x8e\xb3\x30\xe2\x71\x13\x70\xb1\x5e\x09\x23\x08\
\x20\xd1\x2b\xf6\x23\xe6\x58\xb4\x4a\x02\xc5\x27\x0c\x7c\xde\x10\
\x2b\xbc\xa6\x79\x20\xd4\x8f\x5e\x1f\xfd\x6d\x85\xae\x20\x00\xfc\
\x26\xfb\x91\x1f\xa7\xc9\x82\x7e\x18\x1a\xc2\xb9\x78\x9c\x75\x18\
\xbd\x03\x54\xe7\x83\xba\x2d\x8c\xb0\x09\xdd\x8f\x16\x46\x38\x92\
\xd4\x43\xdb\xb0\x13\x5d\x78\x08\x20\xf5\x4a\xe1\x35\x9d\x2f\x74\
\x87\x86\x48\x0f\x52\x1a\x02\x68\xbb\xb5\x31\x8a\x21\xc0\xd0\x90\
\x1b\x1c\x7c\xce\x1c\xa6\x24\x43\x80\xd0\xdf\x78\x13\x54\x17\x3d\
\x04\xc0\xd3\x91\x0e\x86\x00\x53\x53\x53\x1d\x9c\x28\x0c\x0e\xdb\
\x26\xa3\x73\xe8\xb3\x21\xf4\xdb\x54\xae\x07\xc3\xc4\x6c\xb6\x4a\
\x47\xd4\x11\x3e\xf3\xef\x79\x7d\x5c\xe7\x54\xb1\xed\x52\x9d\x5a\
\x22\xbe\x69\xff\x7b\x82\x51\xe9\xb1\x70\xbb\xac\x9b\xe8\x25\xba\
\xd5\x67\xdd\xae\xac\xb3\xcd\xb9\x54\x7a\xe5\x3a\xb3\xef\x75\x1f\
\x68\x3d\xfe\xad\xee\x1a\xb2\x9e\x38\x67\xba\x76\x33\x33\xaa\xce\
\xbc\x0d\xf4\x29\xfa\x46\xea\x72\x1d\x5a\xf0\x9b\xbe\xde\x5a\xa7\
\x84\x51\xeb\x58\x7a\x54\x77\x3c\x6f\x71\xce\x86\x6e\xac\x23\xe8\
\xe6\x75\xfa\xf3\xa9\xf4\xea\xaf\x4b\x5e\xa7\xad\x27\xf1\x4b\xe1\
\xdf\x2d\x7b\x2c\x63\xcc\xeb\x64\x9c\xfe\x37\x7f\x0d\xf9\xda\x90\
\xdd\x4e\x96\xdb\x86\x04\x9f\xc7\x63\x40\xbf\x37\xa0\x7f\x44\xe2\
\xc5\x62\x2e\xdc\x0d\xf5\xdd\x1e\x0b\x7b\xea\x82\xca\x89\xe1\x62\
\xe8\x62\x27\x58\xfc\x1d\x40\x46\x19\xf5\xaf\x83\x52\xbb\xe1\x31\
\x12\xfe\xb5\x30\xe2\x7d\xf5\x98\x58\x42\xdb\x62\xf3\x0a\x59\xd0\
\x19\xc9\x1d\x60\x70\xd0\xc4\xa8\xef\x00\xa8\xbb\x0e\x23\x31\x31\
\xcb\x32\x3c\x06\xa4\xfe\xe6\x7e\x14\xdb\x83\xcb\x42\xa1\xb4\x4a\
\x2a\xd5\xdd\xa5\x58\xa0\x6b\x45\x2e\x28\x84\x31\xbc\x4e\xec\x1f\
\x41\x76\x68\x4a\xb6\x2e\x94\xa8\x52\x91\x22\x70\xeb\x62\x45\x80\
\xd6\x5d\x2a\x8b\x00\xc3\x8c\x52\x0b\xa3\x8c\x00\xb9\x1f\xed\xe8\
\x4a\xbd\xb2\x5e\x17\xa5\x0e\x8a\xfa\x06\x4b\xd1\x55\xfe\x18\xd0\
\xc2\xd8\x4f\x04\x88\x29\xf3\xda\xb7\x2c\x8c\x3a\x99\x8e\xfa\xac\
\x47\x95\xe4\x5b\xb0\xef\xa0\x8b\x63\x0a\xd1\x95\x9a\x08\x54\x18\
\xbb\xa0\xd0\x44\x20\x35\x9e\x2d\x2d\x0a\x4a\xe3\x0c\x31\x56\x64\
\xa3\x90\x7a\x94\x04\x52\xe3\x54\x3d\x76\x81\xc4\x64\x5a\xa8\x8f\
\x45\x63\x84\xe4\xab\xed\xd8\xe3\x54\xe0\x41\x7b\xdc\x3e\x3e\x37\
\x8d\x01\x39\x19\x9a\xef\x0e\xac\x92\x69\x6d\x30\xa2\xce\x86\x95\
\x95\x80\x31\x49\xba\x15\xc6\x80\xb2\x1f\xa9\x2f\x8d\x7e\x44\xe1\
\x71\x2a\xeb\x41\xac\xdc\x45\x85\x91\xf5\x3c\x46\x6b\x22\x10\xee\
\x32\xd2\x26\xd0\x8f\x16\xc6\x7e\x73\x40\x52\x80\xd9\xc2\x18\x73\
\x40\xe2\xbc\xad\xfc\x4a\x9c\x08\x14\xfb\xb1\x9c\xa7\x4a\xae\x4b\
\x4b\x8c\x38\x17\xab\x1f\xd9\x6e\xa5\x9d\xe1\xdf\xd2\xee\xc0\xba\
\x1f\x2d\x8c\x3a\x07\x54\xc2\xd8\x26\xbf\x82\x92\xcf\x04\x0c\x15\
\x6b\xc3\x25\x90\x94\xbc\xd0\x04\x90\x1b\x6e\x5b\x02\xb0\x32\xac\
\xda\x70\x21\xfd\x38\x17\x19\x85\xbc\xd8\x05\x8c\x92\x00\x48\x0a\
\x86\x9b\x25\x58\x8c\x0c\x6b\xc4\xd8\x96\xa4\xf0\x3a\xa8\x22\x29\
\xd3\xb9\xb2\xd7\x41\x6d\x8c\x91\x00\x42\x1f\x2d\x1f\x01\x48\x43\
\xb3\x31\x52\xe4\x28\x09\xb2\xc9\xb9\x76\x10\x01\x70\x9d\xad\x08\
\xa0\x26\x51\xad\x09\xa0\xf4\xca\xba\xc4\x47\x0e\x69\xf4\x63\xbf\
\x04\x20\x1d\xbb\x8e\x00\xb4\xcf\x58\x89\xea\xbe\x08\xa0\x9a\x09\
\x58\x85\x87\x56\xe8\x5a\xcd\x04\x0c\x21\x64\x21\x74\xcd\x87\x00\
\xd5\xa2\xa0\xb2\xb4\x0d\x5d\x01\x96\x0d\xbb\x1a\x02\x34\x84\xd7\
\xa2\x6d\x0b\xa3\x0f\xaf\xab\x21\x80\x0f\xaf\xf3\xd0\x35\xeb\xc8\
\x3a\x8c\x22\x99\xc6\x58\x4d\x8c\xc6\x2b\xab\xec\x5c\xb2\x54\x43\
\x80\x2a\x2c\xb4\x30\xe2\xc5\x0f\xf9\xca\x71\xa9\x1f\x79\x08\x10\
\xcf\x39\x38\x05\x1b\x83\x2c\x7a\x98\x82\xcf\xec\x5c\xb2\xf0\x10\
\x80\xcf\xb7\x34\xc7\x22\xce\x04\x0c\xf5\xe1\x98\x62\x82\x55\x63\
\x34\xc2\x6b\x14\x39\x04\x60\xfb\xb1\xc2\xeb\x38\x04\x08\x33\x2a\
\x4b\xe1\x35\x0f\x53\x5a\x61\x14\x43\x00\x0e\xaf\x35\x46\x6f\x13\
\xd5\x10\x80\x71\x96\x30\xea\xfe\xb1\x30\xf2\x10\x40\x5e\x17\x6b\
\xae\x4a\x36\xbc\xae\xdb\x1e\x1c\x49\x40\x3f\xab\xcf\xcf\x86\x82\
\xa0\x21\x74\x08\x0b\xfe\xc6\xf7\xb8\xe0\x9c\x5c\xc0\x67\x80\x94\
\x7a\x10\x7c\x47\x7a\xa1\x2e\xfe\x5c\xd2\x93\xc2\x6d\xe3\x91\x9c\
\xd4\xd5\x7a\x10\x8d\x11\x22\xdb\x2b\x62\x9c\x31\x66\x82\xe1\x98\
\x69\x03\x23\xce\x3b\x26\x53\x2a\x8c\xb2\x2e\x4e\xbe\x68\x7c\x26\
\x46\x6a\x9b\xeb\xf1\x75\x45\x8c\x33\x5a\x0f\x18\xd1\xdf\x5e\x30\
\xcb\xcc\xbc\x36\xdc\xdf\x46\xdb\x52\xd7\xc2\x08\x0c\xd8\xb4\xc3\
\x4b\xda\xb6\xd6\xcd\xfa\x51\xcd\xb2\xe4\xf6\x91\x80\xc2\xac\x33\
\xa9\x57\xd9\x84\xd0\xcb\xfa\xb1\x84\x31\xbf\x2e\xba\x6d\x16\x2c\
\x47\x86\xdf\x30\x33\x8f\xeb\x8b\x36\x11\xda\x47\x44\x90\xf5\x63\
\xc1\x26\xa8\x4e\xd5\xae\x85\x91\xf4\x50\x5f\x52\xa7\xad\x57\xd7\
\x8f\x59\xff\x68\x8c\x05\x9f\x49\xea\x0b\x89\x40\x9c\x67\xd4\x31\
\xf4\xe6\xe7\xe6\x80\xb9\xfc\x18\x50\x33\x52\x2d\x73\x89\xbb\x99\
\xc5\x5c\x68\x90\x99\x8b\x19\xa9\xc8\xae\xea\x0e\x80\x7a\x35\xbb\
\xa2\xc8\xf0\xca\xb7\x6d\x63\x44\x07\x54\xaf\x27\xd7\xb3\xab\xae\
\x0f\xb3\xdf\x74\x01\x46\xee\x17\xcf\xc2\x36\x46\xbe\x03\x0c\xc7\
\x3b\xa4\xef\x1f\x0b\x63\x9a\xa8\xf2\xcc\x0e\x3c\xba\xe0\xbb\xe4\
\x8e\x52\x33\x13\x30\xea\x71\x98\x6a\xdf\x01\xb2\xc8\x05\xba\xd6\
\x23\xb6\x18\x01\x8a\xb6\x71\x5d\x75\x41\xdf\xd2\xb9\x88\x28\x0c\
\xd7\x40\x17\xeb\x2e\x55\xc6\xe8\x43\x72\xae\x13\xd7\xd1\xc2\x08\
\x9b\xd0\x75\x5a\x18\xe1\x0c\xb2\xbf\xf1\xd9\xc2\x88\x1b\xa3\xae\
\xcf\x8a\xae\xb0\x6b\x0f\x9f\x2b\x0b\xea\xb5\x22\x40\x89\xb1\xae\
\x1f\x81\x31\xfa\x56\x4d\x04\xa8\x1f\x03\x96\x30\x02\x8b\xc4\x07\
\x82\x58\xf2\x4c\xc0\x6a\x7c\x55\x25\xb4\xd8\xb9\xa4\x1e\x4e\xb0\
\xaa\x2f\x8c\x5d\x6a\x96\xdb\x82\xf0\x98\xa9\x71\x0c\x18\x93\x3b\
\x85\x31\xa0\x5e\x12\xac\x30\x4e\x85\x73\x25\x7a\xc3\xe5\x31\x20\
\x9f\x47\x1d\xc6\x98\x17\xe0\xf3\x0e\xfd\x63\x61\xd4\x49\x20\x7c\
\x66\x02\xd0\x18\xf9\x62\xb3\x5e\x69\x0c\x98\x5c\xbf\xb0\x79\x85\
\xc4\x97\x60\x54\xe7\xc3\x24\x95\x60\xa4\x99\x80\x29\x46\x36\x5c\
\xa9\x87\xbe\x05\xc6\xaa\x1f\xdb\xcf\x04\xac\xc5\xa8\xf2\x2b\x16\
\x46\x3d\x11\xa8\x84\x91\x9c\x4b\xd9\xa3\x85\x31\x9b\x66\x6b\xe4\
\x57\x18\x23\x9f\x2b\x5f\x1b\x88\x95\x03\xea\x07\x63\x65\x8f\x61\
\x28\x6d\xe4\x80\x92\x3c\x55\x01\x23\x0a\xdd\xb8\x04\x3e\xba\x31\
\xb6\x9b\x09\x58\x36\xdc\xf4\x5d\x6b\x2c\x7f\x65\x3b\x97\x45\x00\
\x7c\xe7\x92\x7a\x6d\x9d\x0b\xd2\x3a\x0b\xac\x09\xa0\x40\x52\x09\
\x01\x44\x8c\x4b\x23\x80\x11\x6c\x0d\xa5\xb2\xe9\x16\x46\x4d\x00\
\x68\x1b\xe1\xac\xd6\xcb\xa3\x94\x66\x02\x60\xbd\xa2\x73\x89\xc4\
\x20\xd7\x6b\x39\x97\x24\x00\xae\xd3\x32\x5c\xf4\x6d\x3c\x97\xb0\
\x4e\x24\x4f\xb2\xb1\x30\xca\x73\x29\x62\xa4\xd9\x8a\xcb\x4f\x00\
\xb2\xed\xe5\x22\x00\xd9\x8f\x6d\x08\xa0\xd4\x8f\x09\x01\x30\xc6\
\x3a\x02\xa8\xc1\x88\x42\x49\x60\x61\xb7\x7e\x26\x60\xdd\x9a\x80\
\x2a\xdc\xb3\x42\xd7\x30\x9b\x28\xea\x95\xc2\x6b\x9c\xa0\xd6\x43\
\x36\x5c\x97\x2c\xbc\x0e\x1d\xc5\x27\x21\x0b\x0c\xb7\x4d\x12\x28\
\x30\x5d\xd5\xe1\x2d\x30\x72\x7d\xd6\x33\x56\x89\x91\xf4\x0a\x18\
\xf1\x37\x56\x8a\x49\xfa\xb1\x30\x04\x68\xdb\x8f\x72\x08\x10\x31\
\x1a\xc3\x94\xbe\xc2\xeb\xe0\x28\x52\xac\xf0\x1a\x04\x00\x8c\xb2\
\x4e\x2b\x74\x8d\x43\x00\x71\x2e\x6d\x13\x55\xad\x30\x2a\xe7\x92\
\x45\xcf\x55\xa9\x0b\xaf\x75\xdb\xd6\x10\x00\x24\xa5\xf5\xcc\xf0\
\x5a\xce\x55\x11\x61\xb6\x35\x04\xe0\x97\x81\x9a\xfa\xd1\x93\x54\
\x18\x4a\xd5\x0d\x01\x7a\xe9\xba\x85\x45\x8c\x6a\x1e\x48\x8c\x00\
\x66\xbb\x5d\x7a\x1d\x18\x4c\xc2\x82\x0b\x06\xe3\xe7\x7f\xe1\xac\
\x30\x3e\xa9\xd3\xeb\xfa\x75\xeb\x58\x8f\x75\xf1\x1d\xde\x1d\x97\
\xba\x30\x0a\xaf\x57\xd5\x09\x00\x5a\x0f\x1d\xe1\x5f\x81\x54\xeb\
\xad\x89\x57\x90\x33\x8c\x41\xf0\x59\x63\x84\x54\x18\xab\xb6\x31\
\xd3\x4d\xeb\x45\x8c\xa2\x3e\x60\x94\x3a\xc0\x8b\x36\x58\x87\xf5\
\x20\xc0\xae\xeb\xe4\x35\x11\xe5\x39\x69\x8c\xa8\x13\xc9\x1f\xd6\
\xe3\xfa\x80\x5b\xd7\xc7\x18\xa5\x68\x8c\x10\xb4\x81\xbb\x80\xd4\
\xc3\xb9\x6b\x8c\xd4\xdf\xb4\xa6\x1e\xae\x5f\xb8\x8e\x85\x73\xe1\
\x7e\x94\x02\x3c\x99\x9e\xd1\x8f\xd6\xb9\x00\xa3\xae\x0f\xed\x6b\
\x3d\x60\x91\xbf\xb3\x20\x71\xa9\x75\xd1\x17\x52\xaf\x88\xd1\x38\
\x17\xcb\x1e\xa9\x1f\xc7\xd3\x7e\xcc\xfb\xdb\xaf\xc1\xe7\xfb\xce\
\xf7\x1f\xeb\xe2\x7b\x90\x48\x82\x31\xac\x65\x18\x25\xac\x51\x68\
\x61\xf4\x76\x53\xd5\x59\xd7\x8f\xb2\xdd\xc6\x7e\x24\x6c\xf4\x1a\
\xb1\x78\x0c\x18\x36\xf6\x80\xcc\xcf\x5b\xcc\x25\xd8\x55\x85\x2e\
\xb2\xd0\x18\x30\x26\x81\xea\xd9\x15\x75\xc8\x3b\x45\x69\x96\x9d\
\xbc\x03\x54\x18\xf3\x3b\x40\xfa\xf8\xca\x2f\xc6\x60\x61\xe4\x3b\
\x80\x6c\xdb\xc2\x88\x8e\xd3\x6c\x6d\x3d\x4e\x21\x76\x0d\x7d\xc2\
\x82\x7a\xed\x3b\x80\x9a\xad\x58\xf3\x18\x30\x26\x81\x42\xe4\x62\
\xde\x01\x2c\x8c\xc6\x1d\x00\x4b\x57\x4b\x7c\x84\xb1\xf0\x38\x15\
\xc7\xeb\x88\xc4\xc2\x88\x3e\xd3\xfd\x68\x61\xc4\x35\xd0\x18\xd1\
\x0f\xba\xf4\x95\x04\x56\x8f\xd8\xf0\xd9\x7a\x54\x09\x67\x88\x18\
\x6b\x22\x40\x1a\x5e\x51\x42\xb7\xaa\xaf\x84\xd1\xdf\x95\xbd\x4d\
\x96\x30\x92\xdd\x8a\xbc\x00\xe9\x16\x30\x62\x38\xac\xfb\xc7\xc4\
\x38\x6d\x45\x80\x39\x46\x2b\x72\x29\x44\x57\x7a\x22\x90\x1f\x6f\
\xe8\xb1\x0b\x0a\x98\x03\x27\xc1\x63\x3b\x9c\x14\x3b\x97\xd4\xa3\
\x31\xa0\x1c\x73\x17\xc6\x57\x34\x06\x94\x63\x69\x63\xec\x02\xd1\
\x89\x2a\xee\x50\x3d\x06\x84\x54\xb3\xec\xaa\xf1\xbe\x89\xd1\x58\
\x6f\xcf\xc2\x08\xa3\xe7\x0b\xcc\xce\x5a\x9a\x09\x98\x5c\x6c\x15\
\xa6\x26\x18\x8d\x7e\x64\xe7\x92\x6d\xe3\x9a\xe8\x7e\x64\xe7\x6a\
\xc4\x58\x1a\x03\x2a\x8c\xf8\x5b\xe7\x2e\x08\x63\x36\x11\xc8\x5e\
\xbb\xde\xdf\x38\x52\x3d\xf4\xad\xd6\xc3\x35\x60\x07\x64\x8c\xe8\
\x07\xad\xc7\xf9\x95\x36\x18\x5b\x6f\x0e\xda\xcf\x44\x20\x61\x8f\
\xb5\x18\x39\x17\x11\xda\xb5\x30\x46\xbb\x15\x79\x0b\xd4\x6f\x61\
\x04\x49\xe9\x6b\x68\x61\xb4\x72\x40\x16\xc6\x78\x73\x15\x7a\x3a\
\xbf\x82\x92\xcf\x04\x0c\xa2\x0d\x17\x25\x1a\x6e\x93\x73\xe9\x8d\
\x21\x0a\xce\xd5\x17\x01\x84\xce\x96\xc6\xa1\x31\xfa\x35\x01\xf3\
\x59\x76\x26\xc6\x3e\x08\x80\xf5\xaa\x8e\xb4\x31\x72\x7b\x52\x32\
\x8c\xbf\x00\x04\x20\xfb\x10\x7f\x6b\xc3\x25\x8c\x82\x00\xb8\x4e\
\x0b\xa3\x49\x00\x86\xe1\x62\x22\x90\xac\x0f\x9f\x9b\x9e\x02\x35\
\x61\xa4\x24\x70\xd2\xb6\xed\x5c\xb4\x79\x8d\xb2\x09\xbc\x3c\xa3\
\xf5\x2a\x02\x68\x91\x04\x16\x04\x00\x3d\x0b\x63\x89\x00\xf4\x8d\
\x0b\x05\xc3\x2f\x7d\x0d\xad\x7e\xb4\x08\x00\xe4\xa1\xf5\xfa\x22\
\x00\xda\x1e\x3c\x18\x1b\x8b\x15\x16\xa2\x33\xaa\xd0\xde\x57\x6a\
\x85\xd7\x31\x09\x14\xf5\x86\x1a\x67\x02\x42\xf0\xd9\x0a\xb9\x00\
\x96\x8d\x4b\x8a\x89\xb1\x26\xc3\x2a\x8b\x1e\x02\xa0\xed\xd2\x10\
\x40\x87\xc2\x56\x78\x2d\x31\xa2\x4d\xc2\x50\xc2\xd8\x72\x79\xf5\
\x6a\x08\x10\xf4\x0a\xe1\xb5\x35\x04\xb0\xfa\x11\x58\x24\x3e\x08\
\x30\xb3\x31\xc8\x82\xf5\xfd\xf5\xb5\xb1\x30\xea\x21\x00\x85\xd7\
\x26\xc6\x34\x09\x0c\x9b\x60\xc3\x95\x85\x87\x00\x95\x9e\x1d\x5e\
\xa3\xf8\xa1\x54\xe8\x47\x7a\xc9\xa7\xb4\x31\x0c\xee\xae\xa9\xdd\
\x32\x01\xc8\x02\x3b\x89\xd7\x85\xc3\xeb\x62\x12\xb8\x1a\x02\xd4\
\x25\x81\xf5\x4d\x01\xf5\x5b\x49\x60\xde\x18\x26\x5e\x9b\x86\x79\
\x20\x55\x7f\xdb\xab\x56\x69\xdf\xaa\x1d\x02\x60\x87\x50\x4e\x1a\
\xb1\xa0\x02\x9c\x28\xc0\x42\x30\x6b\x08\x0d\xc1\xf8\x2b\x3d\x7b\
\x57\x53\x10\x40\xa2\xd7\xc7\xae\xa6\x68\x83\x75\x58\x80\x05\x77\
\x76\x89\x0f\x02\x83\x94\x75\x42\x70\x3c\xda\x23\x1d\x1c\xd3\x72\
\xe7\x55\xe8\xc1\x98\x65\x5d\x84\x31\xee\x6a\x5c\xde\x79\x35\x62\
\x54\xf8\x20\x48\x2a\xcd\xcf\x95\x31\xa2\x2e\xfc\xab\x31\x42\x34\
\x46\x7c\xc6\x77\x19\x46\xa3\x1f\x31\xa6\x04\x26\xac\x93\x4f\xba\
\x48\xf2\x1a\xbb\xec\x02\xb3\xd7\x4b\xcf\x27\xe9\xc7\x50\x27\xda\
\xd1\xfd\x88\x3e\xd3\x6d\x5b\x18\x71\x7e\x79\x7f\x4f\xc4\x5d\x97\
\xbd\xf8\x44\x74\x82\x31\xec\x46\xdc\x06\x23\x3e\xe7\x18\xe7\x08\
\x23\x7e\xe3\x04\x18\x3e\xc3\x46\xf5\xb9\x68\x1f\xb0\xec\x11\x7a\
\x84\x31\xd9\x25\xd9\xc6\xe8\xed\xd6\x5f\x5f\x29\x39\x46\xec\xbc\
\x3c\x41\x51\xae\x6c\x1b\xc9\x54\xdd\xb6\xde\x1d\x1a\x3e\x98\xd9\
\xed\xdc\x5c\xc1\x26\x52\xbb\xc5\x0d\x81\x36\x06\x29\xcd\x03\xd0\
\x77\x29\x2b\xbc\xe2\xb1\x8b\x0c\x15\xad\xd0\x25\x61\xd7\x86\xf0\
\x4a\x32\x26\xc4\x0a\xaf\x16\x83\x51\xea\x59\x18\x23\xbb\xb6\xc0\
\xc8\x13\x9f\xfc\x2c\x3a\x1b\x23\x0f\x0b\xaa\x59\x88\x35\x18\x55\
\x54\x20\x93\x40\x52\x2f\x8f\xae\xec\xc9\x4a\x68\x43\x47\x05\xc0\
\x22\xf1\x25\x18\x55\xff\xe0\x1c\x75\x9d\x1c\xb9\xc8\x6b\xcd\x77\
\xa9\x26\x8c\xbc\x35\x98\xc6\xa8\xcf\xb9\x0e\x23\xeb\x79\xc9\x31\
\xe2\x3f\x18\x7b\x7a\x2e\x55\x12\x58\xb6\x4d\xd1\x55\x8b\x21\x20\
\x9e\x74\x45\xbd\x80\x01\x6d\x48\x7c\x28\x70\x4e\x8d\x11\xc7\xe0\
\xfb\x04\x63\x1f\xf3\x00\x62\x74\x25\xf4\xec\x21\x60\xb5\x9a\x31\
\x4f\x18\x02\xb1\x5b\x18\x25\x3e\xd4\x5f\x3b\x11\x88\x41\xf2\x05\
\x37\x0d\x37\x79\x8b\xa9\xbc\x39\xa8\x1e\xbb\x20\x2c\x29\x39\x97\
\x04\xe9\x4f\x2a\x77\x2e\x8d\x91\x3b\xa8\x0e\xa3\xd4\xb3\x30\xe2\
\x6e\xaf\xf5\x4a\x18\xd9\x70\x78\xec\x59\x5a\x13\xd0\x72\xae\xa5\
\x60\xc4\x77\xba\x1f\x4b\x63\x40\x26\x00\x0e\xcd\xf1\x84\x45\xe2\
\x93\x18\x75\x9f\x6b\xe7\x42\x91\x43\x17\x76\x1a\xcb\x70\x25\x46\
\x1e\x16\x99\xce\x25\x09\x20\xbc\xa7\x8f\x09\x3f\x45\x8c\x08\xb9\
\x23\xc6\x9c\x00\x50\xa4\x73\x71\xdb\x16\x46\x26\x00\xd9\xdf\x26\
\xc6\x16\x6f\x83\xa2\x2c\x85\x00\xca\x18\xf3\x3d\x2d\x6d\x02\xc8\
\x31\x62\x6e\x08\x51\xa2\xc2\x28\xf1\x2d\x3f\x01\xc4\x04\x4b\x6e\
\xb8\x4c\x00\x95\xd3\xd8\x86\xbb\xe3\x08\x40\x8f\x01\x73\x8c\x94\
\x04\x52\x77\xb8\x36\x04\x50\xbf\x31\xc4\xf2\x12\x40\xdb\x7e\x24\
\xe7\x52\x63\x73\x60\x94\xf8\x18\xa3\x36\x5c\x88\xe5\x5c\x9a\x00\
\x4a\x86\x8b\x17\xa8\x24\x46\x7c\x6e\x5e\x13\xb0\x05\x46\xe9\x34\
\x05\x8c\xec\x5c\xb2\x7f\x2c\x8c\xcb\x49\x00\x50\xe5\xed\xc1\x25\
\xbe\xa5\x13\x40\x8e\xb1\x1d\x01\xf8\x08\x40\xeb\x11\x49\x09\x7f\
\x0e\x09\x5c\x22\x80\x2c\x8b\x00\xe3\xa3\xb7\xa6\xc4\x5b\x5e\x56\
\xc1\x18\xd3\xbf\x5d\x55\xbd\xd9\x36\x6f\x24\xbe\x50\xf8\x2d\x2c\
\xd2\x9b\xf0\x93\x29\xac\x82\x3a\x64\xbb\x56\xe2\x0b\x05\x18\x61\
\xfc\xd0\x81\xb0\x23\xe8\x82\x76\xb4\x1e\x8c\xca\x2a\xbe\xbd\xf0\
\xf6\x5d\x98\x38\x63\x15\xc6\xc7\xc2\xce\xaa\x4b\x5b\x8c\x30\x34\
\xd6\xe3\xb6\x2d\x8c\xb8\x98\x49\x3f\x86\x49\x29\x56\xc1\xd0\x80\
\xde\x08\x0b\x13\x49\x4a\x18\xa9\x2e\xd9\xdf\x85\x6b\x8d\xbe\x00\
\xae\x26\x9b\x00\xee\xc4\x76\xb0\xc1\x66\x09\xa3\xea\x9b\x3a\x8c\
\xac\xc7\x62\x15\x10\x64\xc4\x18\x8e\xb1\x0a\x9c\x41\xb7\xcd\xc4\
\xac\x8b\xb7\x89\xaa\xbf\xad\xe4\x1c\x8a\xc4\xc8\xed\x5b\x85\x31\
\xb2\x1e\xfa\xc7\x2a\x16\x46\x26\x14\x5d\x34\xc6\x36\x76\x8b\x5c\
\xc1\xc8\xc8\xc8\x04\x08\xe0\x11\x64\x03\x11\x09\xb0\x8c\x8c\x8c\
\x74\xb0\x60\xe0\xf0\x70\xa7\x83\xc7\x84\x28\xdd\x6e\xb7\x23\xf5\
\xf0\x79\x72\x72\x32\xe8\x0d\x47\x3d\xac\x33\xa6\xf5\xb0\xf9\x88\
\xd6\xc3\x2c\x24\xad\x87\xa4\x04\x0a\x34\x48\xb7\xd3\xe9\x8c\x0c\
\x0f\x63\xa6\x62\x82\x4f\x62\x8c\x65\xc8\xc6\x88\x76\xf0\xd6\x53\
\x54\x1b\x1a\x32\x31\xe2\xd5\x48\x6a\x3b\xb4\x8b\xba\xb1\x73\xb2\
\xd6\x4b\x31\xfa\x7f\x81\x45\x63\xc4\xdf\xc0\x9e\x60\xec\x0c\xd9\
\x18\xc7\xc7\x3b\x43\x83\x83\xb1\x5e\x94\xe9\xe9\x99\x4c\x2f\xc1\
\x58\xd7\x8f\xdd\x5e\x67\x68\x70\xc8\xb7\x3d\x34\x44\xe7\x0c\x8c\
\x12\x9f\xc4\x28\xcf\x05\x82\x73\xd4\x75\xa2\x2f\xe8\x1a\x06\x5d\
\x14\x5c\x57\xad\x87\xbe\x45\x7b\xd2\x76\x26\x27\x26\x33\x3d\xf4\
\x83\xbc\x2e\xa8\x1b\x09\x69\x0b\x23\xd7\x23\x8b\x85\x11\xc7\x6b\
\xbb\xb5\x30\xe2\x15\x78\xc2\xc8\xfd\x3d\x34\xd4\x99\x34\xfa\x11\
\x18\x71\xcd\x64\x7f\x37\x61\xe4\x3a\xf1\xf7\xdc\xdc\x5c\x52\x27\
\x24\x62\x8c\xd7\x7a\xc8\xc4\x08\xdf\x62\x8c\x5e\x6d\x88\x70\x6b\
\x3d\x8f\x31\xb5\x09\x5c\x2b\xd9\x26\xf4\x80\x45\xe2\x43\x5d\xc3\
\xc3\xc3\x8f\xfc\x6f\xbb\x5e\x78\xa7\x9e\x7b\x59\x70\x00\x00\x00\
\x00\x49\x45\x4e\x44\xae\x42\x60\x82\n"

qt_resource_name = b"\
\x00\x07\x07\x3b\xe0\xb3\x00\x70\x00\x6c\x00\x75\x00\x67\x00\x69\
\x00\x6e\x00\x73\x00\x16\x00\x8e\x9f\xb9\x00\x74\x00\x72\x00\x61\
\x00\x66\x00\x66\x00\x69\x00\x63\x00\x5f\x00\x73\x00\x69\x00\x67\
\x00\x6e\x00\x5f\x00\x69\x00\x6e\x00\x76\x00\x65\x00\x6e\x00\x74\
\x00\x6f\x00\x72\x00\x79\x00\x08\x0a\x61\x5a\xa7\x00\x69\x00\x63\
\x00\x6f\x00\x6e\x00\x2e\x00\x70\x00\x6e\x00\x67\n"

qt_resource_struct_v1 = b"\
\x00\x00\x00\x00\x00\x02\x00\x00\x00\x01\x00\x00\x00\x01\x00\x00\
\x00\x00\x00\x02\x00\x00\x00\x01\x00\x00\x00\x02\x00\x00\x00\x14\
\x00\x02\x00\x00\x00\x01\x00\x00\x00\x03\x00\x00\x00\x46\x00\x00\
\x00\x00\x00\x01\x00\x00\x00\x00\n"

qt_resource_struct_v2 = b"\
\x00\x00\x00\x00\x00\x02\x00\x00\x00\x01\x00\x00\x00\x01\x00\x00\
\x00\x00\x00\x00\x00\x00\x00\x00\x00\x00\x00\x02\x00\x00\x00\x01\
\x00\x00\x00\x02\x00\x00\x00\x00\x00\x00\x00\x00\x00\x00\x00\x14\
\x00\x02\x00\x00\x00\x01\x00\x00\x00\x03\x00\x00\x00\x00\x00\x00\
\x00\x00\x00\x00\x00\x46\x00\x00\x00\x00\x00\x01\x00\x00\x00\x00\
\x00\x00\x01\x94\x61\xdd\x06\x53\n"

qt_version = [int(v) for v in QtCore.qVersion().split('.')]
if qt_version < [5, 8, 0]:
    rcc_version = 1
    qt_resource_struct = qt_resource_struct_v1
else:
    rcc_version = 2
    qt_resource_struct = qt_resource_struct_v2

def qInitResources():
    QtCore.qRegisterResourceData(rcc_version, qt_resource_struct, qt_resource_name, qt_resource_data)

def qCleanupResources():
    QtCore.qUnregisterResourceData(rcc_version, qt_resource_struct, qt_resource_name, qt_resource_data)

qInitResources()
